id_element	data_type	family	range_inf	range_sup	color	filled_color	filled_transparence	svg_style	range_order
kpis.0095.01.call_setup_success_rate	kpi	bss	0	90	#000000	#FF0000	0.5	stroke-opacity:1;stroke:#000000;fill-opacity:1;fill:#FF0000	1
kpis.0095.01.call_setup_success_rate	kpi	bss	90	97	#000000	#FF9900	0.5	stroke-opacity:1;stroke:#000000;fill-opacity:1;fill:#FF9900	2
kpis.0095.01.call_setup_success_rate	kpi	bss	97	98	#000000	#FFFF00	0.5	stroke-opacity:1;stroke:#000000;fill-opacity:1;fill:#FFFF00	3
kpis.0095.01.call_setup_success_rate	kpi	bss	98	99	#000000	#33FF00	0.5	stroke-opacity:1;stroke:#000000;fill-opacity:1;fill:#33FF00	4
kpis.0095.01.call_setup_success_rate	kpi	bss	99	100	#000000	#009933	0.5	stroke-opacity:1;stroke:#000000;fill-opacity:1;fill:#009933	5
kpis.0095.01.call_drop_rate	kpi	bss	0	0.7	#000000	#009933	0.5	stroke-opacity:1;stroke:#000000;fill-opacity:1;fill:#009933	1
kpis.0095.01.call_drop_rate	kpi	bss	0.7	1	#000000	#33FF00	0.5	stroke-opacity:1;stroke:#000000;fill-opacity:1;fill:#33FF00	2
kpis.0095.01.call_drop_rate	kpi	bss	1	2	#000000	#FFFF00	0.5	stroke-opacity:1;stroke:#000000;fill-opacity:1;fill:#FFFF00	4
kpis.0095.01.call_drop_rate	kpi	bss	2	4	#000000	#FF9900	0.5	stroke-opacity:1;stroke:#000000;fill-opacity:1;fill:#FF9900	5
kpis.0095.01.call_drop_rate	kpi	bss	4	100	#000000	#FF0000	0.5	stroke-opacity:1;stroke:#000000;fill-opacity:1;fill:#FF0000	6
kpis.0095.01.tch_drop_rate	kpi	bss	0	0.7	#000000	#009933	0.5	stroke-opacity:1;stroke:#000000;fill-opacity:1;fill:#009933	1
kpis.0095.01.tch_drop_rate	kpi	bss	0.7	1	#000000	#33FF00	0.5	stroke-opacity:1;stroke:#000000;fill-opacity:1;fill:#33FF00	2
kpis.0095.01.tch_drop_rate	kpi	bss	1	2	#000000	#FFFF00	0.5	stroke-opacity:1;stroke:#000000;fill-opacity:1;fill:#FFFF00	3
kpis.0095.01.tch_drop_rate	kpi	bss	2	3	#000000	#FF9900	0.5	stroke-opacity:1;stroke:#000000;fill-opacity:1;fill:#FF9900	4
kpis.0095.01.tch_drop_rate	kpi	bss	3	100	#000000	#FF0000	0.5	stroke-opacity:1;stroke:#000000;fill-opacity:1;fill:#FF0000	5
kpis.0095.01.sdcch_drop_rate	kpi	bss	0	0.3	#000000	#009933	0.5	stroke-opacity:1;stroke:#000000;fill-opacity:1;fill:#009933	1
kpis.0095.01.sdcch_drop_rate	kpi	bss	0.3	0.6	#000000	#33FF00	0.5	stroke-opacity:1;stroke:#000000;fill-opacity:1;fill:#33FF00	2
kpis.0095.01.sdcch_drop_rate	kpi	bss	0.6	0.9	#000000	#FFFF00	0.5	stroke-opacity:1;stroke:#000000;fill-opacity:1;fill:#FFFF00	3
kpis.0095.01.sdcch_drop_rate	kpi	bss	0.9	1.5	#000000	#FF9900	0.5	stroke-opacity:1;stroke:#000000;fill-opacity:1;fill:#FF9900	4
kpis.0095.01.sdcch_drop_rate	kpi	bss	1.5	100	#000000	#FF0000	0.5	stroke-opacity:1;stroke:#000000;fill-opacity:1;fill:#FF0000	5
kpis.0095.01.immediate_assignment_loss_rate	kpi	bss	0	1	#000000	#009933	0.5	stroke-opacity:1;stroke:#000000;fill-opacity:1;fill:#009933	1
kpis.0095.01.immediate_assignment_loss_rate	kpi	bss	1	2	#000000	#33FF00	0.5	stroke-opacity:1;stroke:#000000;fill-opacity:1;fill:#33FF00	2
kpis.0095.01.immediate_assignment_loss_rate	kpi	bss	2	5	#000000	#FFFF00	0.5	stroke-opacity:1;stroke:#000000;fill-opacity:1;fill:#FFFF00	3
kpis.0095.01.immediate_assignment_loss_rate	kpi	bss	5	10	#000000	#FF9900	0.5	stroke-opacity:1;stroke:#000000;fill-opacity:1;fill:#FF9900	4
kpis.0095.01.immediate_assignment_loss_rate	kpi	bss	10	100	#000000	#FF0000	0.5	stroke-opacity:1;stroke:#000000;fill-opacity:1;fill:#FF0000	5
kpis.0095.01.immediate_assignment_success_rate	kpi	bss	0	90	#000000	#FF0000	0.5	stroke-opacity:1;stroke:#000000;fill-opacity:1;fill:#FF0000	1
kpis.0095.01.immediate_assignment_success_rate	kpi	bss	90	97	#000000	#FF9900	0.5	stroke-opacity:1;stroke:#000000;fill-opacity:1;fill:#FF9900	2
kpis.0095.01.immediate_assignment_success_rate	kpi	bss	97	98	#000000	#FFFF00	0.5	stroke-opacity:1;stroke:#000000;fill-opacity:1;fill:#FFFF00	3
kpis.0095.01.immediate_assignment_success_rate	kpi	bss	98	99	#000000	#33FF00	0.5	stroke-opacity:1;stroke:#000000;fill-opacity:1;fill:#33FF00	4
kpis.0095.01.immediate_assignment_success_rate	kpi	bss	99	100	#000000	#009933	0.5	stroke-opacity:1;stroke:#000000;fill-opacity:1;fill:#009933	5
kpis.0095.01.assignment_success_rate	kpi	bss	0	90	#000000	#FF0000	0.5	stroke-opacity:1;stroke:#000000;fill-opacity:1;fill:#FF0000	1
kpis.0095.01.assignment_success_rate	kpi	bss	90	97	#000000	#FF9900	0.5	stroke-opacity:1;stroke:#000000;fill-opacity:1;fill:#FF9900	2
kpis.0095.01.assignment_success_rate	kpi	bss	97	98	#000000	#FFFF00	0.5	stroke-opacity:1;stroke:#000000;fill-opacity:1;fill:#FFFF00	3
kpis.0095.01.assignment_success_rate	kpi	bss	98	99	#000000	#33FF00	0.5	stroke-opacity:1;stroke:#000000;fill-opacity:1;fill:#33FF00	4
kpis.0095.01.assignment_success_rate	kpi	bss	99	100	#000000	#009933	0.5	stroke-opacity:1;stroke:#000000;fill-opacity:1;fill:#009933	5
kpis.0095.01.assignment_failure_rate	kpi	bss	0	1	#000000	#009933	0.5	stroke-opacity:1;stroke:#000000;fill-opacity:1;fill:#009933	1
kpis.0095.01.assignment_failure_rate	kpi	bss	1	2	#000000	#33FF00	0.5	stroke-opacity:1;stroke:#000000;fill-opacity:1;fill:#33FF00	2
kpis.0095.01.assignment_failure_rate	kpi	bss	2	5	#000000	#FFFF00	0.5	stroke-opacity:1;stroke:#000000;fill-opacity:1;fill:#FFFF00	3
kpis.0095.01.assignment_failure_rate	kpi	bss	5	10	#000000	#FF9900	0.5	stroke-opacity:1;stroke:#000000;fill-opacity:1;fill:#FF9900	4
kpis.0095.01.assignment_failure_rate	kpi	bss	10	100	#000000	#FF0000	0.5	stroke-opacity:1;stroke:#000000;fill-opacity:1;fill:#FF0000	5
kpis.0095.01.call_setup_failure_rate	kpi	bss	0	1	#000000	#009933	0.5	stroke-opacity:1;stroke:#000000;fill-opacity:1;fill:#009933	1
kpis.0095.01.call_setup_failure_rate	kpi	bss	1	2	#000000	#33FF00	0.5	stroke-opacity:1;stroke:#000000;fill-opacity:1;fill:#33FF00	2
kpis.0095.01.call_setup_failure_rate	kpi	bss	2	5	#000000	#FFFF00	0.5	stroke-opacity:1;stroke:#000000;fill-opacity:1;fill:#FFFF00	3
kpis.0095.01.call_setup_failure_rate	kpi	bss	5	10	#000000	#FF9900	0.5	stroke-opacity:1;stroke:#000000;fill-opacity:1;fill:#FF9900	4
kpis.0095.01.call_setup_failure_rate	kpi	bss	10	100	#000000	#FF0000	0.5	stroke-opacity:1;stroke:#000000;fill-opacity:1;fill:#FF0000	5
kpis.0095.01.call_success_rate	kpi	bss	0	90	#000000	#FF0000	0.5	stroke-opacity:1;stroke:#000000;fill-opacity:1;fill:#FF0000	1
kpis.0095.01.call_success_rate	kpi	bss	90	97	#000000	#FF9900	0.5	stroke-opacity:1;stroke:#000000;fill-opacity:1;fill:#FF9900	2
kpis.0095.01.call_success_rate	kpi	bss	97	98	#000000	#FFFF00	0.5	stroke-opacity:1;stroke:#000000;fill-opacity:1;fill:#FFFF00	3
kpis.0095.01.call_success_rate	kpi	bss	98	99	#000000	#33FF00	0.5	stroke-opacity:1;stroke:#000000;fill-opacity:1;fill:#33FF00	4
kpis.0095.01.call_success_rate	kpi	bss	99	100	#000000	#009933	0.5	stroke-opacity:1;stroke:#000000;fill-opacity:1;fill:#009933	5
kpis.0095.01.tch_drop_radio_rate	kpi	bss	0	0.3	#000000	#009933	0.5	stroke-opacity:1;stroke:#000000;fill-opacity:1;fill:#009933	1
kpis.0095.01.tch_drop_radio_rate	kpi	bss	0.3	0.6	#000000	#33FF00	0.5	stroke-opacity:1;stroke:#000000;fill-opacity:1;fill:#33FF00	2
kpis.0095.01.tch_drop_radio_rate	kpi	bss	0.6	0.9	#000000	#FFFF00	0.5	stroke-opacity:1;stroke:#000000;fill-opacity:1;fill:#FFFF00	3
kpis.0095.01.tch_drop_radio_rate	kpi	bss	0.9	1.5	#000000	#FF9900	0.5	stroke-opacity:1;stroke:#000000;fill-opacity:1;fill:#FF9900	4
kpis.0095.01.tch_drop_radio_rate	kpi	bss	1.5	100	#000000	#FF0000	0.5	stroke-opacity:1;stroke:#000000;fill-opacity:1;fill:#FF0000	5
kpis.0095.01.tch_drop_ho_rate	kpi	bss	0	0.3	#000000	#009933	0.5	stroke-opacity:1;stroke:#000000;fill-opacity:1;fill:#009933	1
kpis.0095.01.tch_drop_ho_rate	kpi	bss	0.3	0.6	#000000	#33FF00	0.5	stroke-opacity:1;stroke:#000000;fill-opacity:1;fill:#33FF00	2
kpis.0095.01.tch_drop_ho_rate	kpi	bss	0.6	0.9	#000000	#FFFF00	0.5	stroke-opacity:1;stroke:#000000;fill-opacity:1;fill:#FFFF00	3
kpis.0095.01.tch_drop_ho_rate	kpi	bss	0.9	1.5	#000000	#FF9900	0.5	stroke-opacity:1;stroke:#000000;fill-opacity:1;fill:#FF9900	4
kpis.0095.01.tch_drop_ho_rate	kpi	bss	1.5	100	#000000	#FF0000	0.5	stroke-opacity:1;stroke:#000000;fill-opacity:1;fill:#FF0000	5
kpis.0095.01.tch_drop_bss_rate	kpi	bss	0	0.3	#000000	#009933	0.5	stroke-opacity:1;stroke:#000000;fill-opacity:1;fill:#009933	1
kpis.0095.01.tch_drop_bss_rate	kpi	bss	0.3	0.6	#000000	#33FF00	0.5	stroke-opacity:1;stroke:#000000;fill-opacity:1;fill:#33FF00	2
kpis.0095.01.tch_drop_bss_rate	kpi	bss	0.6	0.9	#000000	#FFFF00	0.5	stroke-opacity:1;stroke:#000000;fill-opacity:1;fill:#FFFF00	3
kpis.0095.01.tch_drop_bss_rate	kpi	bss	0.9	1.5	#000000	#FF9900	0.5	stroke-opacity:1;stroke:#000000;fill-opacity:1;fill:#FF9900	4
kpis.0095.01.tch_drop_bss_rate	kpi	bss	1.5	100	#000000	#FF0000	0.5	stroke-opacity:1;stroke:#000000;fill-opacity:1;fill:#FF0000	5
kpis.0095.01.tch_drop_others	kpi	bss	0	0.1	#000000	#009933	0.5	stroke-opacity:1;stroke:#000000;fill-opacity:1;fill:#009933	1
kpis.0095.01.tch_drop_others	kpi	bss	0.1	0.3	#000000	#33FF00	0.5	stroke-opacity:1;stroke:#000000;fill-opacity:1;fill:#33FF00	2
kpis.0095.01.tch_drop_others	kpi	bss	0.3	0.9	#000000	#FFFF00	0.5	stroke-opacity:1;stroke:#000000;fill-opacity:1;fill:#FFFF00	3
kpis.0095.01.tch_drop_others	kpi	bss	0.9	1.5	#000000	#FF9900	0.5	stroke-opacity:1;stroke:#000000;fill-opacity:1;fill:#FF9900	4
kpis.0095.01.tch_drop_others	kpi	bss	1.5	100	#000000	#FF0000	0.5	stroke-opacity:1;stroke:#000000;fill-opacity:1;fill:#FF0000	5
kpis.0095.01.tch_blocking_rate	kpi	bss	0	0.3	#000000	#009933	0.5	stroke-opacity:1;stroke:#000000;fill-opacity:1;fill:#009933	1
kpis.0095.01.tch_blocking_rate	kpi	bss	0.3	0.6	#000000	#33FF00	0.5	stroke-opacity:1;stroke:#000000;fill-opacity:1;fill:#33FF00	2
kpis.0095.01.tch_blocking_rate	kpi	bss	0.6	0.9	#000000	#FFFF00	0.5	stroke-opacity:1;stroke:#000000;fill-opacity:1;fill:#FFFF00	3
kpis.0095.01.tch_blocking_rate	kpi	bss	0.9	1.5	#000000	#FF9900	0.5	stroke-opacity:1;stroke:#000000;fill-opacity:1;fill:#FF9900	4
kpis.0095.01.tch_blocking_rate	kpi	bss	1.5	100	#000000	#FF0000	0.5	stroke-opacity:1;stroke:#000000;fill-opacity:1;fill:#FF0000	5
kpis.0095.01.sdcch_blocking_rate	kpi	bss	0	0.3	#000000	#009933	0.5	stroke-opacity:1;stroke:#000000;fill-opacity:1;fill:#009933	1
kpis.0095.01.sdcch_blocking_rate	kpi	bss	0.3	0.6	#000000	#33FF00	0.5	stroke-opacity:1;stroke:#000000;fill-opacity:1;fill:#33FF00	2
kpis.0095.01.sdcch_blocking_rate	kpi	bss	0.6	0.9	#000000	#FFFF00	0.5	stroke-opacity:1;stroke:#000000;fill-opacity:1;fill:#FFFF00	3
kpis.0095.01.sdcch_blocking_rate	kpi	bss	0.9	1.5	#000000	#FF9900	0.5	stroke-opacity:1;stroke:#000000;fill-opacity:1;fill:#FF9900	4
kpis.0095.01.sdcch_blocking_rate	kpi	bss	1.5	100	#000000	#FF0000	0.5	stroke-opacity:1;stroke:#000000;fill-opacity:1;fill:#FF0000	5
kpis.0095.01.ho_success_rate	kpi	bss	0	90	#000000	#FF0000	0.5	stroke-opacity:1;stroke:#000000;fill-opacity:1;fill:#FF0000	1
kpis.0095.01.ho_success_rate	kpi	bss	90	97	#000000	#FF9900	0.5	stroke-opacity:1;stroke:#000000;fill-opacity:1;fill:#FF9900	2
kpis.0095.01.ho_success_rate	kpi	bss	97	98	#000000	#FFFF00	0.5	stroke-opacity:1;stroke:#000000;fill-opacity:1;fill:#FFFF00	3
kpis.0095.01.ho_success_rate	kpi	bss	98	99	#000000	#33FF00	0.5	stroke-opacity:1;stroke:#000000;fill-opacity:1;fill:#33FF00	4
kpis.0095.01.ho_success_rate	kpi	bss	99	100	#000000	#009933	0.5	stroke-opacity:1;stroke:#000000;fill-opacity:1;fill:#009933	5
kpis.0095.01.intra_cell_handover_failure_rate	kpi	bss	0	1	#000000	#009933	0.5	stroke-opacity:1;stroke:#000000;fill-opacity:1;fill:#009933	1
kpis.0095.01.intra_cell_handover_failure_rate	kpi	bss	1	2	#000000	#33FF00	0.5	stroke-opacity:1;stroke:#000000;fill-opacity:1;fill:#33FF00	2
kpis.0095.01.intra_cell_handover_failure_rate	kpi	bss	2	5	#000000	#FFFF00	0.5	stroke-opacity:1;stroke:#000000;fill-opacity:1;fill:#FFFF00	3
kpis.0095.01.intra_cell_handover_failure_rate	kpi	bss	5	10	#000000	#FF9900	0.5	stroke-opacity:1;stroke:#000000;fill-opacity:1;fill:#FF9900	4
kpis.0095.01.intra_cell_handover_failure_rate	kpi	bss	10	100	#000000	#FF0000	0.5	stroke-opacity:1;stroke:#000000;fill-opacity:1;fill:#FF0000	5
kpis.0095.01.intra_cell_handover_drop_rate	kpi	bss	0	0.3	#000000	#009933	0.5	stroke-opacity:1;stroke:#000000;fill-opacity:1;fill:#009933	1
kpis.0095.01.intra_cell_handover_drop_rate	kpi	bss	0.3	0.6	#000000	#33FF00	0.5	stroke-opacity:1;stroke:#000000;fill-opacity:1;fill:#33FF00	2
kpis.0095.01.intra_cell_handover_drop_rate	kpi	bss	0.6	0.9	#000000	#FFFF00	0.5	stroke-opacity:1;stroke:#000000;fill-opacity:1;fill:#FFFF00	3
kpis.0095.01.intra_cell_handover_drop_rate	kpi	bss	0.9	1.5	#000000	#FF9900	0.5	stroke-opacity:1;stroke:#000000;fill-opacity:1;fill:#FF9900	4
kpis.0095.01.intra_cell_handover_drop_rate	kpi	bss	1.5	100	#000000	#FF0000	0.5	stroke-opacity:1;stroke:#000000;fill-opacity:1;fill:#FF0000	5
kpis.0095.01.inter_cell_intra_bsc_handover_failure_rate	kpi	bss	0	1	#000000	#009933	0.5	stroke-opacity:1;stroke:#000000;fill-opacity:1;fill:#009933	1
kpis.0095.01.inter_cell_intra_bsc_handover_failure_rate	kpi	bss	1	2	#000000	#33FF00	0.5	stroke-opacity:1;stroke:#000000;fill-opacity:1;fill:#33FF00	2
kpis.0095.01.inter_cell_intra_bsc_handover_failure_rate	kpi	bss	2	5	#000000	#FFFF00	0.5	stroke-opacity:1;stroke:#000000;fill-opacity:1;fill:#FFFF00	3
kpis.0095.01.inter_cell_intra_bsc_handover_failure_rate	kpi	bss	5	10	#000000	#FF9900	0.5	stroke-opacity:1;stroke:#000000;fill-opacity:1;fill:#FF9900	4
kpis.0095.01.inter_cell_intra_bsc_handover_failure_rate	kpi	bss	10	100	#000000	#FF0000	0.5	stroke-opacity:1;stroke:#000000;fill-opacity:1;fill:#FF0000	5
kpis.0095.01.inter_cell_intra_bsc_handover_drop_rate	kpi	bss	0	0.3	#000000	#009933	0.5	stroke-opacity:1;stroke:#000000;fill-opacity:1;fill:#009933	1
kpis.0095.01.inter_cell_intra_bsc_handover_drop_rate	kpi	bss	0.3	0.6	#000000	#33FF00	0.5	stroke-opacity:1;stroke:#000000;fill-opacity:1;fill:#33FF00	2
kpis.0095.01.inter_cell_intra_bsc_handover_drop_rate	kpi	bss	0.6	0.9	#000000	#FFFF00	0.5	stroke-opacity:1;stroke:#000000;fill-opacity:1;fill:#FFFF00	3
kpis.0095.01.inter_cell_intra_bsc_handover_drop_rate	kpi	bss	0.9	1.5	#000000	#FF9900	0.5	stroke-opacity:1;stroke:#000000;fill-opacity:1;fill:#FF9900	4
kpis.0095.01.inter_cell_intra_bsc_handover_drop_rate	kpi	bss	1.5	100	#000000	#FF0000	0.5	stroke-opacity:1;stroke:#000000;fill-opacity:1;fill:#FF0000	5
kpis.0095.01.incoming_inter_cell_intra_bsc_handover_failure_rate	kpi	bss	0	1	#000000	#009933	0.5	stroke-opacity:1;stroke:#000000;fill-opacity:1;fill:#009933	1
kpis.0095.01.incoming_inter_cell_intra_bsc_handover_failure_rate	kpi	bss	1	2	#000000	#33FF00	0.5	stroke-opacity:1;stroke:#000000;fill-opacity:1;fill:#33FF00	2
kpis.0095.01.incoming_inter_cell_intra_bsc_handover_failure_rate	kpi	bss	2	5	#000000	#FFFF00	0.5	stroke-opacity:1;stroke:#000000;fill-opacity:1;fill:#FFFF00	3
kpis.0095.01.incoming_inter_cell_intra_bsc_handover_failure_rate	kpi	bss	5	10	#000000	#FF9900	0.5	stroke-opacity:1;stroke:#000000;fill-opacity:1;fill:#FF9900	4
kpis.0095.01.incoming_inter_cell_intra_bsc_handover_failure_rate	kpi	bss	10	100	#000000	#FF0000	0.5	stroke-opacity:1;stroke:#000000;fill-opacity:1;fill:#FF0000	5
kpis.0095.01.inter_cell_inter_bsc_handover_failure_rate	kpi	bss	0	1	#000000	#009933	0.5	stroke-opacity:1;stroke:#000000;fill-opacity:1;fill:#009933	1
kpis.0095.01.inter_cell_inter_bsc_handover_failure_rate	kpi	bss	1	2	#000000	#33FF00	0.5	stroke-opacity:1;stroke:#000000;fill-opacity:1;fill:#33FF00	2
kpis.0095.01.inter_cell_inter_bsc_handover_failure_rate	kpi	bss	2	5	#000000	#FFFF00	0.5	stroke-opacity:1;stroke:#000000;fill-opacity:1;fill:#FFFF00	3
kpis.0095.01.inter_cell_inter_bsc_handover_failure_rate	kpi	bss	5	10	#000000	#FF9900	0.5	stroke-opacity:1;stroke:#000000;fill-opacity:1;fill:#FF9900	4
kpis.0095.01.inter_cell_inter_bsc_handover_failure_rate	kpi	bss	10	100	#000000	#FF0000	0.5	stroke-opacity:1;stroke:#000000;fill-opacity:1;fill:#FF0000	5
kpis.0095.01.inter_cell_inter_bsc_handover_drop_rate	kpi	bss	0	0.3	#000000	#009933	0.5	stroke-opacity:1;stroke:#000000;fill-opacity:1;fill:#009933	1
kpis.0095.01.inter_cell_inter_bsc_handover_drop_rate	kpi	bss	0.3	0.6	#000000	#33FF00	0.5	stroke-opacity:1;stroke:#000000;fill-opacity:1;fill:#33FF00	2
kpis.0095.01.inter_cell_inter_bsc_handover_drop_rate	kpi	bss	0.6	0.9	#000000	#FFFF00	0.5	stroke-opacity:1;stroke:#000000;fill-opacity:1;fill:#FFFF00	3
kpis.0095.01.inter_cell_inter_bsc_handover_drop_rate	kpi	bss	0.9	1.5	#000000	#FF9900	0.5	stroke-opacity:1;stroke:#000000;fill-opacity:1;fill:#FF9900	4
kpis.0095.01.inter_cell_inter_bsc_handover_drop_rate	kpi	bss	1.5	100	#000000	#FF0000	0.5	stroke-opacity:1;stroke:#000000;fill-opacity:1;fill:#FF0000	5
kpis.0095.01.incoming_inter_cell_inter_bsc_handover_failure_rate	kpi	bss	0	1	#000000	#009933	0.5	stroke-opacity:1;stroke:#000000;fill-opacity:1;fill:#009933	1
kpis.0095.01.incoming_inter_cell_inter_bsc_handover_failure_rate	kpi	bss	1	2	#000000	#33FF00	0.5	stroke-opacity:1;stroke:#000000;fill-opacity:1;fill:#33FF00	2
kpis.0095.01.incoming_inter_cell_inter_bsc_handover_failure_rate	kpi	bss	2	5	#000000	#FFFF00	0.5	stroke-opacity:1;stroke:#000000;fill-opacity:1;fill:#FFFF00	3
kpis.0095.01.incoming_inter_cell_inter_bsc_handover_failure_rate	kpi	bss	5	10	#000000	#FF9900	0.5	stroke-opacity:1;stroke:#000000;fill-opacity:1;fill:#FF9900	4
kpis.0095.01.incoming_inter_cell_inter_bsc_handover_failure_rate	kpi	bss	10	100	#000000	#FF0000	0.5	stroke-opacity:1;stroke:#000000;fill-opacity:1;fill:#FF0000	5
kpis.0095.01.successful_directed_retries_rate	kpi	bss	0	90	#000000	#FF0000	0.5	stroke-opacity:1;stroke:#000000;fill-opacity:1;fill:#FF0000	1
kpis.0095.01.successful_directed_retries_rate	kpi	bss	90	97	#000000	#FF9900	0.5	stroke-opacity:1;stroke:#000000;fill-opacity:1;fill:#FF9900	2
kpis.0095.01.successful_directed_retries_rate	kpi	bss	97	98	#000000	#FFFF00	0.5	stroke-opacity:1;stroke:#000000;fill-opacity:1;fill:#FFFF00	3
kpis.0095.01.successful_directed_retries_rate	kpi	bss	98	99	#000000	#33FF00	0.5	stroke-opacity:1;stroke:#000000;fill-opacity:1;fill:#33FF00	4
kpis.0095.01.successful_directed_retries_rate	kpi	bss	99	100	#000000	#009933	0.5	stroke-opacity:1;stroke:#000000;fill-opacity:1;fill:#009933	5
kpis.0095.01.rate_ho_toolowqualup	kpi	bss	0	10	#000000	#009933	0.5	stroke-opacity:1;stroke:#000000;fill-opacity:1;fill:#009933	1
kpis.0095.01.rate_ho_toolowqualup	kpi	bss	10	20	#000000	#33FF00	0.5	stroke-opacity:1;stroke:#000000;fill-opacity:1;fill:#33FF00	2
kpis.0095.01.rate_ho_toolowqualup	kpi	bss	20	30	#000000	#FFFF00	0.5	stroke-opacity:1;stroke:#000000;fill-opacity:1;fill:#FFFF00	3
kpis.0095.01.rate_ho_toolowqualup	kpi	bss	30	50	#000000	#FF9900	0.5	stroke-opacity:1;stroke:#000000;fill-opacity:1;fill:#FF9900	4
kpis.0095.01.rate_ho_toolowqualup	kpi	bss	50	100	#000000	#FF0000	0.5	stroke-opacity:1;stroke:#000000;fill-opacity:1;fill:#FF0000	5
kpis.0095.01.rate_ho_toolowlevup	kpi	bss	0	10	#000000	#009933	0.5	stroke-opacity:1;stroke:#000000;fill-opacity:1;fill:#009933	1
kpis.0095.01.rate_ho_toolowlevup	kpi	bss	10	20	#000000	#33FF00	0.5	stroke-opacity:1;stroke:#000000;fill-opacity:1;fill:#33FF00	2
kpis.0095.01.rate_ho_toolowlevup	kpi	bss	20	30	#000000	#FFFF00	0.5	stroke-opacity:1;stroke:#000000;fill-opacity:1;fill:#FFFF00	3
kpis.0095.01.rate_ho_toolowlevup	kpi	bss	30	50	#000000	#FF9900	0.5	stroke-opacity:1;stroke:#000000;fill-opacity:1;fill:#FF9900	4
kpis.0095.01.rate_ho_toolowlevup	kpi	bss	50	100	#000000	#FF0000	0.5	stroke-opacity:1;stroke:#000000;fill-opacity:1;fill:#FF0000	5
kpis.0095.01.rate_ho_toolowqualdown	kpi	bss	0	10	#000000	#009933	0.5	stroke-opacity:1;stroke:#000000;fill-opacity:1;fill:#009933	1
kpis.0095.01.rate_ho_toolowqualdown	kpi	bss	10	20	#000000	#33FF00	0.5	stroke-opacity:1;stroke:#000000;fill-opacity:1;fill:#33FF00	2
kpis.0095.01.rate_ho_toolowqualdown	kpi	bss	20	30	#000000	#FFFF00	0.5	stroke-opacity:1;stroke:#000000;fill-opacity:1;fill:#FFFF00	3
kpis.0095.01.rate_ho_toolowqualdown	kpi	bss	30	50	#000000	#FF9900	0.5	stroke-opacity:1;stroke:#000000;fill-opacity:1;fill:#FF9900	4
kpis.0095.01.rate_ho_toolowqualdown	kpi	bss	50	100	#000000	#FF0000	0.5	stroke-opacity:1;stroke:#000000;fill-opacity:1;fill:#FF0000	5
kpis.0095.01.rate_ho_toolowlevdown	kpi	bss	0	10	#000000	#009933	0.5	stroke-opacity:1;stroke:#000000;fill-opacity:1;fill:#009933	1
kpis.0095.01.rate_ho_toolowlevdown	kpi	bss	10	20	#000000	#33FF00	0.5	stroke-opacity:1;stroke:#000000;fill-opacity:1;fill:#33FF00	2
kpis.0095.01.rate_ho_toolowlevdown	kpi	bss	20	30	#000000	#FFFF00	0.5	stroke-opacity:1;stroke:#000000;fill-opacity:1;fill:#FFFF00	3
kpis.0095.01.rate_ho_toolowlevdown	kpi	bss	30	50	#000000	#FF9900	0.5	stroke-opacity:1;stroke:#000000;fill-opacity:1;fill:#FF9900	4
kpis.0095.01.rate_ho_toolowlevdown	kpi	bss	50	100	#000000	#FF0000	0.5	stroke-opacity:1;stroke:#000000;fill-opacity:1;fill:#FF0000	5
kpis.0095.01.rate_ho_toolowpowbudg	kpi	bss	0	10	#000000	#FF0000	0.5	stroke-opacity:1;stroke:#000000;fill-opacity:1;fill:#FF0000	1
kpis.0095.01.rate_ho_toolowpowbudg	kpi	bss	10	20	#000000	#FF9900	0.5	stroke-opacity:1;stroke:#000000;fill-opacity:1;fill:#FF9900	2
kpis.0095.01.rate_ho_toolowpowbudg	kpi	bss	20	50	#000000	#FFFF00	0.5	stroke-opacity:1;stroke:#000000;fill-opacity:1;fill:#FFFF00	3
kpis.0095.01.rate_ho_toolowpowbudg	kpi	bss	50	60	#000000	#33FF00	0.5	stroke-opacity:1;stroke:#000000;fill-opacity:1;fill:#33FF00	4
kpis.0095.01.rate_ho_toolowpowbudg	kpi	bss	60	100	#000000	#009933	0.5	stroke-opacity:1;stroke:#000000;fill-opacity:1;fill:#009933	5
kpis.0095.01.trx_availability	kpi	bss	0	90	#000000	#FF0000	0.5	stroke-opacity:1;stroke:#000000;fill-opacity:1;fill:#FF0000	1
kpis.0095.01.trx_availability	kpi	bss	90	97	#000000	#FF9900	0.5	stroke-opacity:1;stroke:#000000;fill-opacity:1;fill:#FF9900	2
kpis.0095.01.trx_availability	kpi	bss	97	98	#000000	#FFFF00	0.5	stroke-opacity:1;stroke:#000000;fill-opacity:1;fill:#FFFF00	3
kpis.0095.01.trx_availability	kpi	bss	98	99	#000000	#33FF00	0.5	stroke-opacity:1;stroke:#000000;fill-opacity:1;fill:#33FF00	4
kpis.0095.01.trx_availability	kpi	bss	99	100	#000000	#009933	0.5	stroke-opacity:1;stroke:#000000;fill-opacity:1;fill:#009933	5
kpis.0095.01.paging_success_rate	kpi	bss	0	90	#000000	#FF0000	0.5	stroke-opacity:1;stroke:#000000;fill-opacity:1;fill:#FF0000	1
kpis.0095.01.paging_success_rate	kpi	bss	90	97	#000000	#FF9900	0.5	stroke-opacity:1;stroke:#000000;fill-opacity:1;fill:#FF9900	2
kpis.0095.01.paging_success_rate	kpi	bss	97	98	#000000	#FFFF00	0.5	stroke-opacity:1;stroke:#000000;fill-opacity:1;fill:#FFFF00	3
kpis.0095.01.paging_success_rate	kpi	bss	98	99	#000000	#33FF00	0.5	stroke-opacity:1;stroke:#000000;fill-opacity:1;fill:#33FF00	4
kpis.0095.01.paging_success_rate	kpi	bss	99	100	#000000	#009933	0.5	stroke-opacity:1;stroke:#000000;fill-opacity:1;fill:#009933	5
kpis.0095.01.location_update_success_rate	kpi	bss	0	90	#000000	#FF0000	0.5	stroke-opacity:1;stroke:#000000;fill-opacity:1;fill:#FF0000	1
kpis.0095.01.location_update_success_rate	kpi	bss	90	97	#000000	#FF9900	0.5	stroke-opacity:1;stroke:#000000;fill-opacity:1;fill:#FF9900	2
kpis.0095.01.location_update_success_rate	kpi	bss	97	98	#000000	#FFFF00	0.5	stroke-opacity:1;stroke:#000000;fill-opacity:1;fill:#FFFF00	3
kpis.0095.01.location_update_success_rate	kpi	bss	98	99	#000000	#33FF00	0.5	stroke-opacity:1;stroke:#000000;fill-opacity:1;fill:#33FF00	4
kpis.0095.01.location_update_success_rate	kpi	bss	99	100	#000000	#009933	0.5	stroke-opacity:1;stroke:#000000;fill-opacity:1;fill:#009933	5
kpis.0095.01.sdcch_handover_success_rate_incoming	kpi	bss	0	90	#000000	#FF0000	0.5	stroke-opacity:1;stroke:#000000;fill-opacity:1;fill:#FF0000	1
kpis.0095.01.sdcch_handover_success_rate_incoming	kpi	bss	90	97	#000000	#FF9900	0.5	stroke-opacity:1;stroke:#000000;fill-opacity:1;fill:#FF9900	2
kpis.0095.01.sdcch_handover_success_rate_incoming	kpi	bss	97	98	#000000	#FFFF00	0.5	stroke-opacity:1;stroke:#000000;fill-opacity:1;fill:#FFFF00	3
kpis.0095.01.sdcch_handover_success_rate_incoming	kpi	bss	98	99	#000000	#33FF00	0.5	stroke-opacity:1;stroke:#000000;fill-opacity:1;fill:#33FF00	4
kpis.0095.01.sdcch_handover_success_rate_incoming	kpi	bss	99	100	#000000	#009933	0.5	stroke-opacity:1;stroke:#000000;fill-opacity:1;fill:#009933	5
kpis.0095.01.sdcch_handover_success_rate_outgoing	kpi	bss	0	90	#000000	#FF0000	0.5	stroke-opacity:1;stroke:#000000;fill-opacity:1;fill:#FF0000	1
kpis.0095.01.sdcch_handover_success_rate_outgoing	kpi	bss	90	97	#000000	#FF9900	0.5	stroke-opacity:1;stroke:#000000;fill-opacity:1;fill:#FF9900	2
kpis.0095.01.sdcch_handover_success_rate_outgoing	kpi	bss	97	98	#000000	#FFFF00	0.5	stroke-opacity:1;stroke:#000000;fill-opacity:1;fill:#FFFF00	3
kpis.0095.01.sdcch_handover_success_rate_outgoing	kpi	bss	98	99	#000000	#33FF00	0.5	stroke-opacity:1;stroke:#000000;fill-opacity:1;fill:#33FF00	4
kpis.0095.01.sdcch_handover_success_rate_outgoing	kpi	bss	99	100	#000000	#009933	0.5	stroke-opacity:1;stroke:#000000;fill-opacity:1;fill:#009933	5
kpis.0095.01.rate_ho_lowsignalstrenght	kpi	bss	0	10	#000000	#009933	0.5	stroke-opacity:1;stroke:#000000;fill-opacity:1;fill:#009933	1
kpis.0095.01.rate_ho_lowsignalstrenght	kpi	bss	10	20	#000000	#33FF00	0.5	stroke-opacity:1;stroke:#000000;fill-opacity:1;fill:#33FF00	2
kpis.0095.01.rate_ho_lowsignalstrenght	kpi	bss	20	30	#000000	#FFFF00	0.5	stroke-opacity:1;stroke:#000000;fill-opacity:1;fill:#FFFF00	3
kpis.0095.01.rate_ho_lowsignalstrenght	kpi	bss	30	50	#000000	#FF9900	0.5	stroke-opacity:1;stroke:#000000;fill-opacity:1;fill:#FF9900	4
kpis.0095.01.rate_ho_lowsignalstrenght	kpi	bss	50	100	#000000	#FF0000	0.5	stroke-opacity:1;stroke:#000000;fill-opacity:1;fill:#FF0000	5
kpis.0095.01.rate_ho_highsignalstrenght	kpi	bss	0	10	#000000	#009933	0.5	stroke-opacity:1;stroke:#000000;fill-opacity:1;fill:#009933	1
kpis.0095.01.rate_ho_highsignalstrenght	kpi	bss	10	20	#000000	#33FF00	0.5	stroke-opacity:1;stroke:#000000;fill-opacity:1;fill:#33FF00	2
kpis.0095.01.rate_ho_highsignalstrenght	kpi	bss	20	30	#000000	#FFFF00	0.5	stroke-opacity:1;stroke:#000000;fill-opacity:1;fill:#FFFF00	3
kpis.0095.01.rate_ho_highsignalstrenght	kpi	bss	30	50	#000000	#FF9900	0.5	stroke-opacity:1;stroke:#000000;fill-opacity:1;fill:#FF9900	4
kpis.0095.01.rate_ho_highsignalstrenght	kpi	bss	50	100	#000000	#FF0000	0.5	stroke-opacity:1;stroke:#000000;fill-opacity:1;fill:#FF0000	5
kpis.0095.01.rate_ho_toolongdistance	kpi	bss	0	10	#000000	#009933	0.5	stroke-opacity:1;stroke:#000000;fill-opacity:1;fill:#009933	1
kpis.0095.01.rate_ho_toolongdistance	kpi	bss	10	20	#000000	#33FF00	0.5	stroke-opacity:1;stroke:#000000;fill-opacity:1;fill:#33FF00	2
kpis.0095.01.rate_ho_toolongdistance	kpi	bss	20	30	#000000	#FFFF00	0.5	stroke-opacity:1;stroke:#000000;fill-opacity:1;fill:#FFFF00	3
kpis.0095.01.rate_ho_toolongdistance	kpi	bss	30	50	#000000	#FF9900	0.5	stroke-opacity:1;stroke:#000000;fill-opacity:1;fill:#FF9900	4
kpis.0095.01.rate_ho_toolongdistance	kpi	bss	50	100	#000000	#FF0000	0.5	stroke-opacity:1;stroke:#000000;fill-opacity:1;fill:#FF0000	5
kpis.0095.01.rate_ho_msc_trig	kpi	bss	0	10	#000000	#009933	0.5	stroke-opacity:1;stroke:#000000;fill-opacity:1;fill:#009933	1
kpis.0095.01.rate_ho_msc_trig	kpi	bss	10	20	#000000	#33FF00	0.5	stroke-opacity:1;stroke:#000000;fill-opacity:1;fill:#33FF00	2
kpis.0095.01.rate_ho_msc_trig	kpi	bss	20	30	#000000	#FFFF00	0.5	stroke-opacity:1;stroke:#000000;fill-opacity:1;fill:#FFFF00	3
kpis.0095.01.rate_ho_msc_trig	kpi	bss	30	50	#000000	#FF9900	0.5	stroke-opacity:1;stroke:#000000;fill-opacity:1;fill:#FF9900	4
kpis.0095.01.rate_ho_msc_trig	kpi	bss	50	100	#000000	#FF0000	0.5	stroke-opacity:1;stroke:#000000;fill-opacity:1;fill:#FF0000	5
kpis.0095.01.rate_ho_o_m	kpi	bss	0	10	#000000	#009933	0.5	stroke-opacity:1;stroke:#000000;fill-opacity:1;fill:#009933	1
kpis.0095.01.rate_ho_o_m	kpi	bss	10	20	#000000	#33FF00	0.5	stroke-opacity:1;stroke:#000000;fill-opacity:1;fill:#33FF00	2
kpis.0095.01.rate_ho_o_m	kpi	bss	20	30	#000000	#FFFF00	0.5	stroke-opacity:1;stroke:#000000;fill-opacity:1;fill:#FFFF00	3
kpis.0095.01.rate_ho_o_m	kpi	bss	30	50	#000000	#FF9900	0.5	stroke-opacity:1;stroke:#000000;fill-opacity:1;fill:#FF9900	4
kpis.0095.01.rate_ho_o_m	kpi	bss	50	100	#000000	#FF0000	0.5	stroke-opacity:1;stroke:#000000;fill-opacity:1;fill:#FF0000	5
kpis.0095.01.rate_directed_retry	kpi	bss	0	10	#000000	#009933	0.5	stroke-opacity:1;stroke:#000000;fill-opacity:1;fill:#009933	1
kpis.0095.01.rate_directed_retry	kpi	bss	10	20	#000000	#33FF00	0.5	stroke-opacity:1;stroke:#000000;fill-opacity:1;fill:#33FF00	2
kpis.0095.01.rate_directed_retry	kpi	bss	20	30	#000000	#FFFF00	0.5	stroke-opacity:1;stroke:#000000;fill-opacity:1;fill:#FFFF00	3
kpis.0095.01.rate_directed_retry	kpi	bss	30	50	#000000	#FF9900	0.5	stroke-opacity:1;stroke:#000000;fill-opacity:1;fill:#FF9900	4
kpis.0095.01.rate_directed_retry	kpi	bss	50	100	#000000	#FF0000	0.5	stroke-opacity:1;stroke:#000000;fill-opacity:1;fill:#FF0000	5
kpis.0095.01.rate_ho_rapid_level_drop	kpi	bss	0	10	#000000	#009933	0.5	stroke-opacity:1;stroke:#000000;fill-opacity:1;fill:#009933	1
kpis.0095.01.rate_ho_rapid_level_drop	kpi	bss	10	20	#000000	#33FF00	0.5	stroke-opacity:1;stroke:#000000;fill-opacity:1;fill:#33FF00	2
kpis.0095.01.rate_ho_rapid_level_drop	kpi	bss	20	30	#000000	#FFFF00	0.5	stroke-opacity:1;stroke:#000000;fill-opacity:1;fill:#FFFF00	3
kpis.0095.01.rate_ho_rapid_level_drop	kpi	bss	30	50	#000000	#FF9900	0.5	stroke-opacity:1;stroke:#000000;fill-opacity:1;fill:#FF9900	4
kpis.0095.01.rate_ho_rapid_level_drop	kpi	bss	50	100	#000000	#FF0000	0.5	stroke-opacity:1;stroke:#000000;fill-opacity:1;fill:#FF0000	5
kpis.0095.01.rate_ho_toohighlevinterfup	kpi	bss	0	10	#000000	#009933	0.5	stroke-opacity:1;stroke:#000000;fill-opacity:1;fill:#009933	1
kpis.0095.01.rate_ho_toohighlevinterfup	kpi	bss	10	20	#000000	#33FF00	0.5	stroke-opacity:1;stroke:#000000;fill-opacity:1;fill:#33FF00	2
kpis.0095.01.rate_ho_toohighlevinterfup	kpi	bss	20	30	#000000	#FFFF00	0.5	stroke-opacity:1;stroke:#000000;fill-opacity:1;fill:#FFFF00	3
kpis.0095.01.rate_ho_toohighlevinterfup	kpi	bss	30	50	#000000	#FF9900	0.5	stroke-opacity:1;stroke:#000000;fill-opacity:1;fill:#FF9900	4
kpis.0095.01.rate_ho_toohighlevinterfup	kpi	bss	50	100	#000000	#FF0000	0.5	stroke-opacity:1;stroke:#000000;fill-opacity:1;fill:#FF0000	5
kpis.0095.01.rate_ho_toohighlevinterfdown	kpi	bss	0	10	#000000	#009933	0.5	stroke-opacity:1;stroke:#000000;fill-opacity:1;fill:#009933	1
kpis.0095.01.rate_ho_toohighlevinterfdown	kpi	bss	10	20	#000000	#33FF00	0.5	stroke-opacity:1;stroke:#000000;fill-opacity:1;fill:#33FF00	2
kpis.0095.01.rate_ho_toohighlevinterfdown	kpi	bss	20	30	#000000	#FFFF00	0.5	stroke-opacity:1;stroke:#000000;fill-opacity:1;fill:#FFFF00	3
kpis.0095.01.rate_ho_toohighlevinterfdown	kpi	bss	30	50	#000000	#FF9900	0.5	stroke-opacity:1;stroke:#000000;fill-opacity:1;fill:#FF9900	4
kpis.0095.01.rate_ho_toohighlevinterfdown	kpi	bss	50	100	#000000	#FF0000	0.5	stroke-opacity:1;stroke:#000000;fill-opacity:1;fill:#FF0000	5
kpis.0095.01.rate_ho_highlevneigcellprefband	kpi	bss	0	10	#000000	#009933	0.5	stroke-opacity:1;stroke:#000000;fill-opacity:1;fill:#009933	1
kpis.0095.01.rate_ho_highlevneigcellprefband	kpi	bss	10	20	#000000	#33FF00	0.5	stroke-opacity:1;stroke:#000000;fill-opacity:1;fill:#33FF00	2
kpis.0095.01.rate_ho_highlevneigcellprefband	kpi	bss	20	30	#000000	#FFFF00	0.5	stroke-opacity:1;stroke:#000000;fill-opacity:1;fill:#FFFF00	3
kpis.0095.01.rate_ho_highlevneigcellprefband	kpi	bss	30	50	#000000	#FF9900	0.5	stroke-opacity:1;stroke:#000000;fill-opacity:1;fill:#FF9900	4
kpis.0095.01.rate_ho_highlevneigcellprefband	kpi	bss	50	100	#000000	#FF0000	0.5	stroke-opacity:1;stroke:#000000;fill-opacity:1;fill:#FF0000	5
kpis.0095.01.rate_ho_consbadsacchmicrocell	kpi	bss	0	10	#000000	#009933	0.5	stroke-opacity:1;stroke:#000000;fill-opacity:1;fill:#009933	1
kpis.0095.01.rate_ho_consbadsacchmicrocell	kpi	bss	10	20	#000000	#33FF00	0.5	stroke-opacity:1;stroke:#000000;fill-opacity:1;fill:#33FF00	2
kpis.0095.01.rate_ho_consbadsacchmicrocell	kpi	bss	20	30	#000000	#FFFF00	0.5	stroke-opacity:1;stroke:#000000;fill-opacity:1;fill:#FFFF00	3
kpis.0095.01.rate_ho_consbadsacchmicrocell	kpi	bss	30	50	#000000	#FF9900	0.5	stroke-opacity:1;stroke:#000000;fill-opacity:1;fill:#FF9900	4
kpis.0095.01.rate_ho_consbadsacchmicrocell	kpi	bss	50	100	#000000	#FF0000	0.5	stroke-opacity:1;stroke:#000000;fill-opacity:1;fill:#FF0000	5
kpis.0095.01.rate_ho_toolowlevupmicrocell	kpi	bss	0	10	#000000	#009933	0.5	stroke-opacity:1;stroke:#000000;fill-opacity:1;fill:#009933	1
kpis.0095.01.rate_ho_toolowlevupmicrocell	kpi	bss	10	20	#000000	#33FF00	0.5	stroke-opacity:1;stroke:#000000;fill-opacity:1;fill:#33FF00	2
kpis.0095.01.rate_ho_toolowlevupmicrocell	kpi	bss	20	30	#000000	#FFFF00	0.5	stroke-opacity:1;stroke:#000000;fill-opacity:1;fill:#FFFF00	3
kpis.0095.01.rate_ho_toolowlevupmicrocell	kpi	bss	30	50	#000000	#FF9900	0.5	stroke-opacity:1;stroke:#000000;fill-opacity:1;fill:#FF9900	4
kpis.0095.01.rate_ho_toolowlevupmicrocell	kpi	bss	50	100	#000000	#FF0000	0.5	stroke-opacity:1;stroke:#000000;fill-opacity:1;fill:#FF0000	5
kpis.0095.01.rate_ho_toolowlevdownmicrocell	kpi	bss	0	10	#000000	#009933	0.5	stroke-opacity:1;stroke:#000000;fill-opacity:1;fill:#009933	1
kpis.0095.01.rate_ho_toolowlevdownmicrocell	kpi	bss	10	20	#000000	#33FF00	0.5	stroke-opacity:1;stroke:#000000;fill-opacity:1;fill:#33FF00	2
kpis.0095.01.rate_ho_toolowlevdownmicrocell	kpi	bss	20	30	#000000	#FFFF00	0.5	stroke-opacity:1;stroke:#000000;fill-opacity:1;fill:#FFFF00	3
kpis.0095.01.rate_ho_toolowlevdownmicrocell	kpi	bss	30	50	#000000	#FF9900	0.5	stroke-opacity:1;stroke:#000000;fill-opacity:1;fill:#FF9900	4
kpis.0095.01.rate_ho_toolowlevdownmicrocell	kpi	bss	50	100	#000000	#FF0000	0.5	stroke-opacity:1;stroke:#000000;fill-opacity:1;fill:#FF0000	5
kpis.0095.01.rate_ho_highlevneiglowcellslowms	kpi	bss	0	10	#000000	#009933	0.5	stroke-opacity:1;stroke:#000000;fill-opacity:1;fill:#009933	1
kpis.0095.01.rate_ho_highlevneiglowcellslowms	kpi	bss	10	20	#000000	#33FF00	0.5	stroke-opacity:1;stroke:#000000;fill-opacity:1;fill:#33FF00	2
kpis.0095.01.rate_ho_highlevneiglowcellslowms	kpi	bss	20	30	#000000	#FFFF00	0.5	stroke-opacity:1;stroke:#000000;fill-opacity:1;fill:#FFFF00	3
kpis.0095.01.rate_ho_highlevneiglowcellslowms	kpi	bss	30	50	#000000	#FF9900	0.5	stroke-opacity:1;stroke:#000000;fill-opacity:1;fill:#FF9900	4
kpis.0095.01.rate_ho_highlevneiglowcellslowms	kpi	bss	50	100	#000000	#FF0000	0.5	stroke-opacity:1;stroke:#000000;fill-opacity:1;fill:#FF0000	5
kpis.0095.01.rate_tch_ho_atpt_toolowlevupinzone	kpi	bss	0	10	#000000	#009933	0.5	stroke-opacity:1;stroke:#000000;fill-opacity:1;fill:#009933	1
kpis.0095.01.rate_tch_ho_atpt_toolowlevupinzone	kpi	bss	10	20	#000000	#33FF00	0.5	stroke-opacity:1;stroke:#000000;fill-opacity:1;fill:#33FF00	2
kpis.0095.01.rate_tch_ho_atpt_toolowlevupinzone	kpi	bss	20	30	#000000	#FFFF00	0.5	stroke-opacity:1;stroke:#000000;fill-opacity:1;fill:#FFFF00	3
kpis.0095.01.rate_tch_ho_atpt_toolowlevupinzone	kpi	bss	30	50	#000000	#FF9900	0.5	stroke-opacity:1;stroke:#000000;fill-opacity:1;fill:#FF9900	4
kpis.0095.01.rate_tch_ho_atpt_toolowlevupinzone	kpi	bss	50	100	#000000	#FF0000	0.5	stroke-opacity:1;stroke:#000000;fill-opacity:1;fill:#FF0000	5
kpis.0095.01.rate_tch_ho_atpt_toolowlevdowninzone	kpi	bss	0	10	#000000	#009933	0.5	stroke-opacity:1;stroke:#000000;fill-opacity:1;fill:#009933	1
kpis.0095.01.rate_tch_ho_atpt_toolowlevdowninzone	kpi	bss	10	20	#000000	#33FF00	0.5	stroke-opacity:1;stroke:#000000;fill-opacity:1;fill:#33FF00	2
kpis.0095.01.rate_tch_ho_atpt_toolowlevdowninzone	kpi	bss	20	30	#000000	#FFFF00	0.5	stroke-opacity:1;stroke:#000000;fill-opacity:1;fill:#FFFF00	3
kpis.0095.01.rate_tch_ho_atpt_toolowlevdowninzone	kpi	bss	30	50	#000000	#FF9900	0.5	stroke-opacity:1;stroke:#000000;fill-opacity:1;fill:#FF9900	4
kpis.0095.01.rate_tch_ho_atpt_toolowlevdowninzone	kpi	bss	50	100	#000000	#FF0000	0.5	stroke-opacity:1;stroke:#000000;fill-opacity:1;fill:#FF0000	5
kpis.0095.01.rate_tch_ho_atpt_toohighlevupdownoutzone	kpi	bss	0	10	#000000	#009933	0.5	stroke-opacity:1;stroke:#000000;fill-opacity:1;fill:#009933	1
kpis.0095.01.rate_tch_ho_atpt_toohighlevupdownoutzone	kpi	bss	10	20	#000000	#33FF00	0.5	stroke-opacity:1;stroke:#000000;fill-opacity:1;fill:#33FF00	2
kpis.0095.01.rate_tch_ho_atpt_toohighlevupdownoutzone	kpi	bss	20	30	#000000	#FFFF00	0.5	stroke-opacity:1;stroke:#000000;fill-opacity:1;fill:#FFFF00	3
kpis.0095.01.rate_tch_ho_atpt_toohighlevupdownoutzone	kpi	bss	30	50	#000000	#FF9900	0.5	stroke-opacity:1;stroke:#000000;fill-opacity:1;fill:#FF9900	4
kpis.0095.01.rate_tch_ho_atpt_toohighlevupdownoutzone	kpi	bss	50	100	#000000	#FF0000	0.5	stroke-opacity:1;stroke:#000000;fill-opacity:1;fill:#FF0000	5
kpis.0095.01.rate_ho_atpt_trafhandover	kpi	bss	0	10	#000000	#009933	0.5	stroke-opacity:1;stroke:#000000;fill-opacity:1;fill:#009933	1
kpis.0095.01.rate_ho_atpt_trafhandover	kpi	bss	10	20	#000000	#33FF00	0.5	stroke-opacity:1;stroke:#000000;fill-opacity:1;fill:#33FF00	2
kpis.0095.01.rate_ho_atpt_trafhandover	kpi	bss	20	30	#000000	#FFFF00	0.5	stroke-opacity:1;stroke:#000000;fill-opacity:1;fill:#FFFF00	3
kpis.0095.01.rate_ho_atpt_trafhandover	kpi	bss	30	50	#000000	#FF9900	0.5	stroke-opacity:1;stroke:#000000;fill-opacity:1;fill:#FF9900	4
kpis.0095.01.rate_ho_atpt_trafhandover	kpi	bss	50	100	#000000	#FF0000	0.5	stroke-opacity:1;stroke:#000000;fill-opacity:1;fill:#FF0000	5
kpis.0095.01.rate_ho_atpt_gencapture	kpi	bss	0	10	#000000	#009933	0.5	stroke-opacity:1;stroke:#000000;fill-opacity:1;fill:#009933	1
kpis.0095.01.rate_ho_atpt_gencapture	kpi	bss	10	20	#000000	#33FF00	0.5	stroke-opacity:1;stroke:#000000;fill-opacity:1;fill:#33FF00	2
kpis.0095.01.rate_ho_atpt_gencapture	kpi	bss	20	30	#000000	#FFFF00	0.5	stroke-opacity:1;stroke:#000000;fill-opacity:1;fill:#FFFF00	3
kpis.0095.01.rate_ho_atpt_gencapture	kpi	bss	30	50	#000000	#FF9900	0.5	stroke-opacity:1;stroke:#000000;fill-opacity:1;fill:#FF9900	4
kpis.0095.01.rate_ho_atpt_gencapture	kpi	bss	50	100	#000000	#FF0000	0.5	stroke-opacity:1;stroke:#000000;fill-opacity:1;fill:#FF0000	5
kpis.0095.01.rate_ho_tooshortdistance	kpi	bss	0	10	#000000	#009933	0.5	stroke-opacity:1;stroke:#000000;fill-opacity:1;fill:#009933	1
kpis.0095.01.rate_ho_tooshortdistance	kpi	bss	10	20	#000000	#33FF00	0.5	stroke-opacity:1;stroke:#000000;fill-opacity:1;fill:#33FF00	2
kpis.0095.01.rate_ho_tooshortdistance	kpi	bss	20	30	#000000	#FFFF00	0.5	stroke-opacity:1;stroke:#000000;fill-opacity:1;fill:#FFFF00	3
kpis.0095.01.rate_ho_tooshortdistance	kpi	bss	30	50	#000000	#FF9900	0.5	stroke-opacity:1;stroke:#000000;fill-opacity:1;fill:#FF9900	4
kpis.0095.01.rate_ho_tooshortdistance	kpi	bss	50	100	#000000	#FF0000	0.5	stroke-opacity:1;stroke:#000000;fill-opacity:1;fill:#FF0000	5
kpis.0095.01.rate_tch_ho_atpt_badqualhr	kpi	bss	0	10	#000000	#009933	0.5	stroke-opacity:1;stroke:#000000;fill-opacity:1;fill:#009933	1
kpis.0095.01.rate_tch_ho_atpt_badqualhr	kpi	bss	10	20	#000000	#33FF00	0.5	stroke-opacity:1;stroke:#000000;fill-opacity:1;fill:#33FF00	2
kpis.0095.01.rate_tch_ho_atpt_badqualhr	kpi	bss	20	30	#000000	#FFFF00	0.5	stroke-opacity:1;stroke:#000000;fill-opacity:1;fill:#FFFF00	3
kpis.0095.01.rate_tch_ho_atpt_badqualhr	kpi	bss	30	50	#000000	#FF9900	0.5	stroke-opacity:1;stroke:#000000;fill-opacity:1;fill:#FF9900	4
kpis.0095.01.rate_tch_ho_atpt_badqualhr	kpi	bss	50	100	#000000	#FF0000	0.5	stroke-opacity:1;stroke:#000000;fill-opacity:1;fill:#FF0000	5
kpis.0095.01.rate_tch_ho_atpt_goodqualfr	kpi	bss	0	10	#000000	#009933	0.5	stroke-opacity:1;stroke:#000000;fill-opacity:1;fill:#009933	1
kpis.0095.01.rate_tch_ho_atpt_goodqualfr	kpi	bss	10	20	#000000	#33FF00	0.5	stroke-opacity:1;stroke:#000000;fill-opacity:1;fill:#33FF00	2
kpis.0095.01.rate_tch_ho_atpt_goodqualfr	kpi	bss	20	30	#000000	#FFFF00	0.5	stroke-opacity:1;stroke:#000000;fill-opacity:1;fill:#FFFF00	3
kpis.0095.01.rate_tch_ho_atpt_goodqualfr	kpi	bss	30	50	#000000	#FF9900	0.5	stroke-opacity:1;stroke:#000000;fill-opacity:1;fill:#FF9900	4
kpis.0095.01.rate_tch_ho_atpt_goodqualfr	kpi	bss	50	100	#000000	#FF0000	0.5	stroke-opacity:1;stroke:#000000;fill-opacity:1;fill:#FF0000	5
kpis.0095.01.rate_tch_ho_atpt_tfo	kpi	bss	0	10	#000000	#009933	0.5	stroke-opacity:1;stroke:#000000;fill-opacity:1;fill:#009933	1
kpis.0095.01.rate_tch_ho_atpt_tfo	kpi	bss	10	20	#000000	#33FF00	0.5	stroke-opacity:1;stroke:#000000;fill-opacity:1;fill:#33FF00	2
kpis.0095.01.rate_tch_ho_atpt_tfo	kpi	bss	20	30	#000000	#FFFF00	0.5	stroke-opacity:1;stroke:#000000;fill-opacity:1;fill:#FFFF00	3
kpis.0095.01.rate_tch_ho_atpt_tfo	kpi	bss	30	50	#000000	#FF9900	0.5	stroke-opacity:1;stroke:#000000;fill-opacity:1;fill:#FF9900	4
kpis.0095.01.rate_tch_ho_atpt_tfo	kpi	bss	50	100	#000000	#FF0000	0.5	stroke-opacity:1;stroke:#000000;fill-opacity:1;fill:#FF0000	5
kpis.0095.01.rate_tch_ho_atpt_fasttraffic	kpi	bss	0	10	#000000	#009933	0.5	stroke-opacity:1;stroke:#000000;fill-opacity:1;fill:#009933	1
kpis.0095.01.rate_tch_ho_atpt_fasttraffic	kpi	bss	10	20	#000000	#33FF00	0.5	stroke-opacity:1;stroke:#000000;fill-opacity:1;fill:#33FF00	2
kpis.0095.01.rate_tch_ho_atpt_fasttraffic	kpi	bss	20	30	#000000	#FFFF00	0.5	stroke-opacity:1;stroke:#000000;fill-opacity:1;fill:#FFFF00	3
kpis.0095.01.rate_tch_ho_atpt_fasttraffic	kpi	bss	30	50	#000000	#FF9900	0.5	stroke-opacity:1;stroke:#000000;fill-opacity:1;fill:#FF9900	4
kpis.0095.01.rate_tch_ho_atpt_fasttraffic	kpi	bss	50	100	#000000	#FF0000	0.5	stroke-opacity:1;stroke:#000000;fill-opacity:1;fill:#FF0000	5
kpis.0095.01.rate_tch_ho_atpt_returncszone	kpi	bss	0	10	#000000	#009933	0.5	stroke-opacity:1;stroke:#000000;fill-opacity:1;fill:#009933	1
kpis.0095.01.rate_tch_ho_atpt_returncszone	kpi	bss	10	20	#000000	#33FF00	0.5	stroke-opacity:1;stroke:#000000;fill-opacity:1;fill:#33FF00	2
kpis.0095.01.rate_tch_ho_atpt_returncszone	kpi	bss	20	30	#000000	#FFFF00	0.5	stroke-opacity:1;stroke:#000000;fill-opacity:1;fill:#FFFF00	3
kpis.0095.01.rate_tch_ho_atpt_returncszone	kpi	bss	30	50	#000000	#FF9900	0.5	stroke-opacity:1;stroke:#000000;fill-opacity:1;fill:#FF9900	4
kpis.0095.01.rate_tch_ho_atpt_returncszone	kpi	bss	50	100	#000000	#FF0000	0.5	stroke-opacity:1;stroke:#000000;fill-opacity:1;fill:#FF0000	5
kpis.0095.01.rate_other_ho_causes	kpi	bss	0	10	#000000	#009933	0.5	stroke-opacity:1;stroke:#000000;fill-opacity:1;fill:#009933	1
kpis.0095.01.rate_other_ho_causes	kpi	bss	10	20	#000000	#33FF00	0.5	stroke-opacity:1;stroke:#000000;fill-opacity:1;fill:#33FF00	2
kpis.0095.01.rate_other_ho_causes	kpi	bss	20	30	#000000	#FFFF00	0.5	stroke-opacity:1;stroke:#000000;fill-opacity:1;fill:#FFFF00	3
kpis.0095.01.rate_other_ho_causes	kpi	bss	30	50	#000000	#FF9900	0.5	stroke-opacity:1;stroke:#000000;fill-opacity:1;fill:#FF9900	4
kpis.0095.01.rate_other_ho_causes	kpi	bss	50	100	#000000	#FF0000	0.5	stroke-opacity:1;stroke:#000000;fill-opacity:1;fill:#FF0000	5
kpis.0095.01.outgoing_ho_success_rate	kpi	bss	0	90	#000000	#FF0000	0.5	stroke-opacity:1;stroke:#000000;fill-opacity:1;fill:#FF0000	1
kpis.0095.01.outgoing_ho_success_rate	kpi	bss	90	97	#000000	#FF9900	0.5	stroke-opacity:1;stroke:#000000;fill-opacity:1;fill:#FF9900	2
kpis.0095.01.outgoing_ho_success_rate	kpi	bss	97	98	#000000	#FFFF00	0.5	stroke-opacity:1;stroke:#000000;fill-opacity:1;fill:#FFFF00	3
kpis.0095.01.outgoing_ho_success_rate	kpi	bss	98	99	#000000	#33FF00	0.5	stroke-opacity:1;stroke:#000000;fill-opacity:1;fill:#33FF00	4
kpis.0095.01.outgoing_ho_success_rate	kpi	bss	99	100	#000000	#009933	0.5	stroke-opacity:1;stroke:#000000;fill-opacity:1;fill:#009933	5
kpis.0095.01.incoming_ho_success_rate	kpi	bss	0	90	#000000	#FF0000	0.5	stroke-opacity:1;stroke:#000000;fill-opacity:1;fill:#FF0000	1
kpis.0095.01.incoming_ho_success_rate	kpi	bss	90	97	#000000	#FF9900	0.5	stroke-opacity:1;stroke:#000000;fill-opacity:1;fill:#FF9900	2
kpis.0095.01.incoming_ho_success_rate	kpi	bss	97	98	#000000	#FFFF00	0.5	stroke-opacity:1;stroke:#000000;fill-opacity:1;fill:#FFFF00	3
kpis.0095.01.incoming_ho_success_rate	kpi	bss	98	99	#000000	#33FF00	0.5	stroke-opacity:1;stroke:#000000;fill-opacity:1;fill:#33FF00	4
kpis.0095.01.incoming_ho_success_rate	kpi	bss	99	100	#000000	#009933	0.5	stroke-opacity:1;stroke:#000000;fill-opacity:1;fill:#009933	5
kpis.0095.01.gsm_to_utran_handover_success_rate	kpi	bss	0	90	#000000	#FF0000	0.5	stroke-opacity:1;stroke:#000000;fill-opacity:1;fill:#FF0000	1
kpis.0095.01.gsm_to_utran_handover_success_rate	kpi	bss	90	97	#000000	#FF9900	0.5	stroke-opacity:1;stroke:#000000;fill-opacity:1;fill:#FF9900	2
kpis.0095.01.gsm_to_utran_handover_success_rate	kpi	bss	97	98	#000000	#FFFF00	0.5	stroke-opacity:1;stroke:#000000;fill-opacity:1;fill:#FFFF00	3
kpis.0095.01.gsm_to_utran_handover_success_rate	kpi	bss	98	99	#000000	#33FF00	0.5	stroke-opacity:1;stroke:#000000;fill-opacity:1;fill:#33FF00	4
kpis.0095.01.gsm_to_utran_handover_success_rate	kpi	bss	99	100	#000000	#009933	0.5	stroke-opacity:1;stroke:#000000;fill-opacity:1;fill:#009933	5
kpis.0095.01.handovers_per_call_rate	kpi	bss	0	90	#000000	#FF0000	0.5	stroke-opacity:1;stroke:#000000;fill-opacity:1;fill:#FF0000	1
kpis.0095.01.handovers_per_call_rate	kpi	bss	90	97	#000000	#FF9900	0.5	stroke-opacity:1;stroke:#000000;fill-opacity:1;fill:#FF9900	2
kpis.0095.01.handovers_per_call_rate	kpi	bss	97	98	#000000	#FFFF00	0.5	stroke-opacity:1;stroke:#000000;fill-opacity:1;fill:#FFFF00	3
kpis.0095.01.handovers_per_call_rate	kpi	bss	98	99	#000000	#33FF00	0.5	stroke-opacity:1;stroke:#000000;fill-opacity:1;fill:#33FF00	4
kpis.0095.01.handovers_per_call_rate	kpi	bss	99	100	#000000	#009933	0.5	stroke-opacity:1;stroke:#000000;fill-opacity:1;fill:#009933	5
kpis.0095.01.sdcch_availability	kpi	bss	0	90	#000000	#FF0000	0.5	stroke-opacity:1;stroke:#000000;fill-opacity:1;fill:#FF0000	1
kpis.0095.01.sdcch_availability	kpi	bss	90	97	#000000	#FF9900	0.5	stroke-opacity:1;stroke:#000000;fill-opacity:1;fill:#FF9900	2
kpis.0095.01.sdcch_availability	kpi	bss	97	98	#000000	#FFFF00	0.5	stroke-opacity:1;stroke:#000000;fill-opacity:1;fill:#FFFF00	3
kpis.0095.01.sdcch_availability	kpi	bss	98	99	#000000	#33FF00	0.5	stroke-opacity:1;stroke:#000000;fill-opacity:1;fill:#33FF00	4
kpis.0095.01.sdcch_availability	kpi	bss	99	100	#000000	#009933	0.5	stroke-opacity:1;stroke:#000000;fill-opacity:1;fill:#009933	5
kpis.0095.01.tch_availability	kpi	bss	0	90	#000000	#FF0000	0.5	stroke-opacity:1;stroke:#000000;fill-opacity:1;fill:#FF0000	1
kpis.0095.01.tch_availability	kpi	bss	90	97	#000000	#FF9900	0.5	stroke-opacity:1;stroke:#000000;fill-opacity:1;fill:#FF9900	2
kpis.0095.01.tch_availability	kpi	bss	97	98	#000000	#FFFF00	0.5	stroke-opacity:1;stroke:#000000;fill-opacity:1;fill:#FFFF00	3
kpis.0095.01.tch_availability	kpi	bss	98	99	#000000	#33FF00	0.5	stroke-opacity:1;stroke:#000000;fill-opacity:1;fill:#33FF00	4
kpis.0095.01.tch_availability	kpi	bss	99	100	#000000	#009933	0.5	stroke-opacity:1;stroke:#000000;fill-opacity:1;fill:#009933	5
kpis.0095.01.traffic_utilization	kpi	bss	0	20	#000000	#808080	0.5	stroke-opacity:1;stroke:#000000;fill-opacity:1;fill:#808080	1
kpis.0095.01.traffic_utilization	kpi	bss	20	40	#000000	#FFFF00	0.5	stroke-opacity:1;stroke:#000000;fill-opacity:1;fill:#FFFF00	2
kpis.0095.01.traffic_utilization	kpi	bss	40	60	#000000	#FF9900	0.5	stroke-opacity:1;stroke:#000000;fill-opacity:1;fill:#FF9900	3
kpis.0095.01.traffic_utilization	kpi	bss	60	80	#000000	#33FF00	0.5	stroke-opacity:1;stroke:#000000;fill-opacity:1;fill:#33FF00	4
kpis.0095.01.traffic_utilization	kpi	bss	80	90	#000000	#009933	0.5	stroke-opacity:1;stroke:#000000;fill-opacity:1;fill:#009933	5
kpis.0095.01.traffic_utilization	kpi	bss	90	100	#000000	#FF0000	0.5	stroke-opacity:1;stroke:#000000;fill-opacity:1;fill:#FF0000	6
kpis.0095.01.traffic_utilization_5gos	kpi	bss	0	20	#000000	#808080	0.5	stroke-opacity:1;stroke:#000000;fill-opacity:1;fill:#808080	1
kpis.0095.01.traffic_utilization_5gos	kpi	bss	20	40	#000000	#FFFF00	0.5	stroke-opacity:1;stroke:#000000;fill-opacity:1;fill:#FFFF00	2
kpis.0095.01.traffic_utilization_5gos	kpi	bss	40	60	#000000	#FF9900	0.5	stroke-opacity:1;stroke:#000000;fill-opacity:1;fill:#FF9900	3
kpis.0095.01.traffic_utilization_5gos	kpi	bss	60	80	#000000	#33FF00	0.5	stroke-opacity:1;stroke:#000000;fill-opacity:1;fill:#33FF00	4
kpis.0095.01.traffic_utilization_5gos	kpi	bss	80	90	#000000	#009933	0.5	stroke-opacity:1;stroke:#000000;fill-opacity:1;fill:#009933	5
kpis.0095.01.traffic_utilization_5gos	kpi	bss	90	100	#000000	#FF0000	0.5	stroke-opacity:1;stroke:#000000;fill-opacity:1;fill:#FF0000	6
kpis.0095.01.gos_at_bh	kpi	bss	0	1	#000000	#009933	0.5	stroke-opacity:1;stroke:#000000;fill-opacity:1;fill:#009933	1
kpis.0095.01.gos_at_bh	kpi	bss	1	2	#000000	#33FF00	0.5	stroke-opacity:1;stroke:#000000;fill-opacity:1;fill:#33FF00	2
kpis.0095.01.gos_at_bh	kpi	bss	2	5	#000000	#FFFF00	0.5	stroke-opacity:1;stroke:#000000;fill-opacity:1;fill:#FFFF00	3
kpis.0095.01.gos_at_bh	kpi	bss	5	10	#000000	#FF9900	0.5	stroke-opacity:1;stroke:#000000;fill-opacity:1;fill:#FF9900	4
kpis.0095.01.gos_at_bh	kpi	bss	10	100	#000000	#FF0000	0.5	stroke-opacity:1;stroke:#000000;fill-opacity:1;fill:#FF0000	5
kpis.0095.01.sdcch_drop_radio_rate	kpi	bss	0	0.3	#000000	#009933	0.5	stroke-opacity:1;stroke:#000000;fill-opacity:1;fill:#009933	1
kpis.0095.01.sdcch_drop_radio_rate	kpi	bss	0.3	0.6	#000000	#33FF00	0.5	stroke-opacity:1;stroke:#000000;fill-opacity:1;fill:#33FF00	2
kpis.0095.01.sdcch_drop_radio_rate	kpi	bss	0.6	0.9	#000000	#FFFF00	0.5	stroke-opacity:1;stroke:#000000;fill-opacity:1;fill:#FFFF00	3
kpis.0095.01.sdcch_drop_radio_rate	kpi	bss	0.9	1.5	#000000	#FF9900	0.5	stroke-opacity:1;stroke:#000000;fill-opacity:1;fill:#FF9900	4
kpis.0095.01.sdcch_drop_radio_rate	kpi	bss	1.5	100	#000000	#FF0000	0.5	stroke-opacity:1;stroke:#000000;fill-opacity:1;fill:#FF0000	5
kpis.0095.01.sdcch_drop_ho_rate	kpi	bss	0	0.3	#000000	#009933	0.5	stroke-opacity:1;stroke:#000000;fill-opacity:1;fill:#009933	1
kpis.0095.01.sdcch_drop_ho_rate	kpi	bss	0.3	0.6	#000000	#33FF00	0.5	stroke-opacity:1;stroke:#000000;fill-opacity:1;fill:#33FF00	2
kpis.0095.01.sdcch_drop_ho_rate	kpi	bss	0.6	0.9	#000000	#FFFF00	0.5	stroke-opacity:1;stroke:#000000;fill-opacity:1;fill:#FFFF00	3
kpis.0095.01.sdcch_drop_ho_rate	kpi	bss	0.9	1.5	#000000	#FF9900	0.5	stroke-opacity:1;stroke:#000000;fill-opacity:1;fill:#FF9900	4
kpis.0095.01.sdcch_drop_ho_rate	kpi	bss	1.5	100	#000000	#FF0000	0.5	stroke-opacity:1;stroke:#000000;fill-opacity:1;fill:#FF0000	5
kpis.0095.01.sdcch_drop_bss_rate	kpi	bss	0	0.3	#000000	#009933	0.5	stroke-opacity:1;stroke:#000000;fill-opacity:1;fill:#009933	1
kpis.0095.01.sdcch_drop_bss_rate	kpi	bss	0.3	0.6	#000000	#33FF00	0.5	stroke-opacity:1;stroke:#000000;fill-opacity:1;fill:#33FF00	2
kpis.0095.01.sdcch_drop_bss_rate	kpi	bss	0.6	0.9	#000000	#FFFF00	0.5	stroke-opacity:1;stroke:#000000;fill-opacity:1;fill:#FFFF00	3
kpis.0095.01.sdcch_drop_bss_rate	kpi	bss	0.9	1.5	#000000	#FF9900	0.5	stroke-opacity:1;stroke:#000000;fill-opacity:1;fill:#FF9900	4
kpis.0095.01.sdcch_drop_bss_rate	kpi	bss	1.5	100	#000000	#FF0000	0.5	stroke-opacity:1;stroke:#000000;fill-opacity:1;fill:#FF0000	5
kpis.0095.01.sdcch_drop_others_rate	kpi	bss	0	0.3	#000000	#009933	0.5	stroke-opacity:1;stroke:#000000;fill-opacity:1;fill:#009933	1
kpis.0095.01.sdcch_drop_others_rate	kpi	bss	0.3	0.6	#000000	#33FF00	0.5	stroke-opacity:1;stroke:#000000;fill-opacity:1;fill:#33FF00	2
kpis.0095.01.sdcch_drop_others_rate	kpi	bss	0.6	0.9	#000000	#FFFF00	0.5	stroke-opacity:1;stroke:#000000;fill-opacity:1;fill:#FFFF00	3
kpis.0095.01.sdcch_drop_others_rate	kpi	bss	0.9	1.5	#000000	#FF9900	0.5	stroke-opacity:1;stroke:#000000;fill-opacity:1;fill:#FF9900	4
kpis.0095.01.sdcch_drop_others_rate	kpi	bss	1.5	100	#000000	#FF0000	0.5	stroke-opacity:1;stroke:#000000;fill-opacity:1;fill:#FF0000	5
kpis.0095.01.inter_cell_intra_bsc_outgoing_handovers_failure_rate	kpi	bss	0	1	#000000	#009933	0.5	stroke-opacity:1;stroke:#000000;fill-opacity:1;fill:#009933	1
kpis.0095.01.inter_cell_intra_bsc_outgoing_handovers_failure_rate	kpi	bss	1	2	#000000	#33FF00	0.5	stroke-opacity:1;stroke:#000000;fill-opacity:1;fill:#33FF00	2
kpis.0095.01.inter_cell_intra_bsc_outgoing_handovers_failure_rate	kpi	bss	2	5	#000000	#FFFF00	0.5	stroke-opacity:1;stroke:#000000;fill-opacity:1;fill:#FFFF00	3
kpis.0095.01.inter_cell_intra_bsc_outgoing_handovers_failure_rate	kpi	bss	5	10	#000000	#FF9900	0.5	stroke-opacity:1;stroke:#000000;fill-opacity:1;fill:#FF9900	4
kpis.0095.01.inter_cell_intra_bsc_outgoing_handovers_failure_rate	kpi	bss	10	100	#000000	#FF0000	0.5	stroke-opacity:1;stroke:#000000;fill-opacity:1;fill:#FF0000	5
kpis.0095.01.inter_cell_inter_bsc_outgoing_handovers_failure_rate	kpi	bss	0	1	#000000	#009933	0.5	stroke-opacity:1;stroke:#000000;fill-opacity:1;fill:#009933	1
kpis.0095.01.inter_cell_inter_bsc_outgoing_handovers_failure_rate	kpi	bss	1	2	#000000	#33FF00	0.5	stroke-opacity:1;stroke:#000000;fill-opacity:1;fill:#33FF00	2
kpis.0095.01.inter_cell_inter_bsc_outgoing_handovers_failure_rate	kpi	bss	2	5	#000000	#FFFF00	0.5	stroke-opacity:1;stroke:#000000;fill-opacity:1;fill:#FFFF00	3
kpis.0095.01.inter_cell_inter_bsc_outgoing_handovers_failure_rate	kpi	bss	5	10	#000000	#FF9900	0.5	stroke-opacity:1;stroke:#000000;fill-opacity:1;fill:#FF9900	4
kpis.0095.01.inter_cell_inter_bsc_outgoing_handovers_failure_rate	kpi	bss	10	100	#000000	#FF0000	0.5	stroke-opacity:1;stroke:#000000;fill-opacity:1;fill:#FF0000	5
kpis.0095.01.sdcch_handover_success_rate	kpi	bss	0	90	#000000	#FF0000	0.5	stroke-opacity:1;stroke:#000000;fill-opacity:1;fill:#FF0000	1
kpis.0095.01.sdcch_handover_success_rate	kpi	bss	90	97	#000000	#FF9900	0.5	stroke-opacity:1;stroke:#000000;fill-opacity:1;fill:#FF9900	2
kpis.0095.01.sdcch_handover_success_rate	kpi	bss	97	98	#000000	#FFFF00	0.5	stroke-opacity:1;stroke:#000000;fill-opacity:1;fill:#FFFF00	3
kpis.0095.01.sdcch_handover_success_rate	kpi	bss	98	99	#000000	#33FF00	0.5	stroke-opacity:1;stroke:#000000;fill-opacity:1;fill:#33FF00	4
kpis.0095.01.sdcch_handover_success_rate	kpi	bss	99	100	#000000	#009933	0.5	stroke-opacity:1;stroke:#000000;fill-opacity:1;fill:#009933	5
kpis.0095.01.intra_cell_handover_success_rate	kpi	bss	0	90	#000000	#FF0000	0.5	stroke-opacity:1;stroke:#000000;fill-opacity:1;fill:#FF0000	1
kpis.0095.01.intra_cell_handover_success_rate	kpi	bss	90	97	#000000	#FF9900	0.5	stroke-opacity:1;stroke:#000000;fill-opacity:1;fill:#FF9900	2
kpis.0095.01.intra_cell_handover_success_rate	kpi	bss	97	98	#000000	#FFFF00	0.5	stroke-opacity:1;stroke:#000000;fill-opacity:1;fill:#FFFF00	3
kpis.0095.01.intra_cell_handover_success_rate	kpi	bss	98	99	#000000	#33FF00	0.5	stroke-opacity:1;stroke:#000000;fill-opacity:1;fill:#33FF00	4
kpis.0095.01.intra_cell_handover_success_rate	kpi	bss	99	100	#000000	#009933	0.5	stroke-opacity:1;stroke:#000000;fill-opacity:1;fill:#009933	5
kpis.0095.01.inter_cell_intra_bsc_handovers_success_rate	kpi	bss	0	90	#000000	#FF0000	0.5	stroke-opacity:1;stroke:#000000;fill-opacity:1;fill:#FF0000	1
kpis.0095.01.inter_cell_intra_bsc_handovers_success_rate	kpi	bss	90	97	#000000	#FF9900	0.5	stroke-opacity:1;stroke:#000000;fill-opacity:1;fill:#FF9900	2
kpis.0095.01.inter_cell_intra_bsc_handovers_success_rate	kpi	bss	97	98	#000000	#FFFF00	0.5	stroke-opacity:1;stroke:#000000;fill-opacity:1;fill:#FFFF00	3
kpis.0095.01.inter_cell_intra_bsc_handovers_success_rate	kpi	bss	98	99	#000000	#33FF00	0.5	stroke-opacity:1;stroke:#000000;fill-opacity:1;fill:#33FF00	4
kpis.0095.01.inter_cell_intra_bsc_handovers_success_rate	kpi	bss	99	100	#000000	#009933	0.5	stroke-opacity:1;stroke:#000000;fill-opacity:1;fill:#009933	5
kpis.0095.01.inter_cell_intra_bsc_outgoing_handover_success_rate	kpi	bss	0	90	#000000	#FF0000	0.5	stroke-opacity:1;stroke:#000000;fill-opacity:1;fill:#FF0000	1
kpis.0095.01.inter_cell_intra_bsc_outgoing_handover_success_rate	kpi	bss	90	97	#000000	#FF9900	0.5	stroke-opacity:1;stroke:#000000;fill-opacity:1;fill:#FF9900	2
kpis.0095.01.inter_cell_intra_bsc_outgoing_handover_success_rate	kpi	bss	97	98	#000000	#FFFF00	0.5	stroke-opacity:1;stroke:#000000;fill-opacity:1;fill:#FFFF00	3
kpis.0095.01.inter_cell_intra_bsc_outgoing_handover_success_rate	kpi	bss	98	99	#000000	#33FF00	0.5	stroke-opacity:1;stroke:#000000;fill-opacity:1;fill:#33FF00	4
kpis.0095.01.inter_cell_intra_bsc_outgoing_handover_success_rate	kpi	bss	99	100	#000000	#009933	0.5	stroke-opacity:1;stroke:#000000;fill-opacity:1;fill:#009933	5
kpis.0095.01.inter_cell_intra_bsc_incoming_handover_success_rate	kpi	bss	0	90	#000000	#FF0000	0.5	stroke-opacity:1;stroke:#000000;fill-opacity:1;fill:#FF0000	1
kpis.0095.01.inter_cell_intra_bsc_incoming_handover_success_rate	kpi	bss	90	97	#000000	#FF9900	0.5	stroke-opacity:1;stroke:#000000;fill-opacity:1;fill:#FF9900	2
kpis.0095.01.inter_cell_intra_bsc_incoming_handover_success_rate	kpi	bss	97	98	#000000	#FFFF00	0.5	stroke-opacity:1;stroke:#000000;fill-opacity:1;fill:#FFFF00	3
kpis.0095.01.inter_cell_intra_bsc_incoming_handover_success_rate	kpi	bss	98	99	#000000	#33FF00	0.5	stroke-opacity:1;stroke:#000000;fill-opacity:1;fill:#33FF00	4
kpis.0095.01.inter_cell_intra_bsc_incoming_handover_success_rate	kpi	bss	99	100	#000000	#009933	0.5	stroke-opacity:1;stroke:#000000;fill-opacity:1;fill:#009933	5
kpis.0095.01.inter_cell_inter_bsc_handovers_success_rate	kpi	bss	0	90	#000000	#FF0000	0.5	stroke-opacity:1;stroke:#000000;fill-opacity:1;fill:#FF0000	1
kpis.0095.01.inter_cell_inter_bsc_handovers_success_rate	kpi	bss	90	97	#000000	#FF9900	0.5	stroke-opacity:1;stroke:#000000;fill-opacity:1;fill:#FF9900	2
kpis.0095.01.inter_cell_inter_bsc_handovers_success_rate	kpi	bss	97	98	#000000	#FFFF00	0.5	stroke-opacity:1;stroke:#000000;fill-opacity:1;fill:#FFFF00	3
kpis.0095.01.inter_cell_inter_bsc_handovers_success_rate	kpi	bss	98	99	#000000	#33FF00	0.5	stroke-opacity:1;stroke:#000000;fill-opacity:1;fill:#33FF00	4
kpis.0095.01.inter_cell_inter_bsc_handovers_success_rate	kpi	bss	99	100	#000000	#009933	0.5	stroke-opacity:1;stroke:#000000;fill-opacity:1;fill:#009933	5
kpis.0095.01.inter_cell_inter_bsc_outgoing_handover_success_rate	kpi	bss	0	90	#000000	#FF0000	0.5	stroke-opacity:1;stroke:#000000;fill-opacity:1;fill:#FF0000	1
kpis.0095.01.inter_cell_inter_bsc_outgoing_handover_success_rate	kpi	bss	90	97	#000000	#FF9900	0.5	stroke-opacity:1;stroke:#000000;fill-opacity:1;fill:#FF9900	2
kpis.0095.01.inter_cell_inter_bsc_outgoing_handover_success_rate	kpi	bss	97	98	#000000	#FFFF00	0.5	stroke-opacity:1;stroke:#000000;fill-opacity:1;fill:#FFFF00	3
kpis.0095.01.inter_cell_inter_bsc_outgoing_handover_success_rate	kpi	bss	98	99	#000000	#33FF00	0.5	stroke-opacity:1;stroke:#000000;fill-opacity:1;fill:#33FF00	4
kpis.0095.01.inter_cell_inter_bsc_outgoing_handover_success_rate	kpi	bss	99	100	#000000	#009933	0.5	stroke-opacity:1;stroke:#000000;fill-opacity:1;fill:#009933	5
kpis.0095.01.inter_cell_inter_bsc_incoming_handover_success_rate	kpi	bss	0	90	#000000	#FF0000	0.5	stroke-opacity:1;stroke:#000000;fill-opacity:1;fill:#FF0000	1
kpis.0095.01.inter_cell_inter_bsc_incoming_handover_success_rate	kpi	bss	90	97	#000000	#FF9900	0.5	stroke-opacity:1;stroke:#000000;fill-opacity:1;fill:#FF9900	2
kpis.0095.01.inter_cell_inter_bsc_incoming_handover_success_rate	kpi	bss	97	98	#000000	#FFFF00	0.5	stroke-opacity:1;stroke:#000000;fill-opacity:1;fill:#FFFF00	3
kpis.0095.01.inter_cell_inter_bsc_incoming_handover_success_rate	kpi	bss	98	99	#000000	#33FF00	0.5	stroke-opacity:1;stroke:#000000;fill-opacity:1;fill:#33FF00	4
kpis.0095.01.inter_cell_inter_bsc_incoming_handover_success_rate	kpi	bss	99	100	#000000	#009933	0.5	stroke-opacity:1;stroke:#000000;fill-opacity:1;fill:#009933	5
kpis.0095.01.cell_availability	kpi	bss	0	90	#000000	#FF0000	0.5	stroke-opacity:1;stroke:#000000;fill-opacity:1;fill:#FF0000	1
kpis.0095.01.cell_availability	kpi	bss	90	97	#000000	#FF9900	0.5	stroke-opacity:1;stroke:#000000;fill-opacity:1;fill:#FF9900	2
kpis.0095.01.cell_availability	kpi	bss	97	98	#000000	#FFFF00	0.5	stroke-opacity:1;stroke:#000000;fill-opacity:1;fill:#FFFF00	3
kpis.0095.01.cell_availability	kpi	bss	98	99	#000000	#33FF00	0.5	stroke-opacity:1;stroke:#000000;fill-opacity:1;fill:#33FF00	4
kpis.0095.01.cell_availability	kpi	bss	99	100	#000000	#009933	0.5	stroke-opacity:1;stroke:#000000;fill-opacity:1;fill:#009933	5
kpis.0095.01.interference_band_1_rate_on_idle_tch	kpi	bss	0	90	#000000	#FF0000	0.5	stroke-opacity:1;stroke:#000000;fill-opacity:1;fill:#FF0000	1
kpis.0095.01.interference_band_1_rate_on_idle_tch	kpi	bss	90	97	#000000	#FF9900	0.5	stroke-opacity:1;stroke:#000000;fill-opacity:1;fill:#FF9900	2
kpis.0095.01.interference_band_1_rate_on_idle_tch	kpi	bss	97	98	#000000	#FFFF00	0.5	stroke-opacity:1;stroke:#000000;fill-opacity:1;fill:#FFFF00	3
kpis.0095.01.interference_band_1_rate_on_idle_tch	kpi	bss	98	99	#000000	#33FF00	0.5	stroke-opacity:1;stroke:#000000;fill-opacity:1;fill:#33FF00	4
kpis.0095.01.interference_band_1_rate_on_idle_tch	kpi	bss	99	100	#000000	#009933	0.5	stroke-opacity:1;stroke:#000000;fill-opacity:1;fill:#009933	5
kpis.0095.02.mean_number_of_dl_active_tbf_per_cell	kpi	bssgprs	0	2	#000000	#009933	0.5	stroke-opacity:1;stroke:#000000;fill-opacity:1;fill:#009933	1
kpis.0095.02.mean_number_of_dl_active_tbf_per_cell	kpi	bssgprs	2	5	#000000	#33FF00	0.5	stroke-opacity:1;stroke:#000000;fill-opacity:1;fill:#33FF00	2
kpis.0095.02.mean_number_of_dl_active_tbf_per_cell	kpi	bssgprs	5	10	#000000	#FFFF00	0.5	stroke-opacity:1;stroke:#000000;fill-opacity:1;fill:#FFFF00	3
kpis.0095.02.mean_number_of_dl_active_tbf_per_cell	kpi	bssgprs	10	15	#000000	#FF9900	0.5	stroke-opacity:1;stroke:#000000;fill-opacity:1;fill:#FF9900	4
kpis.0095.02.mean_number_of_dl_active_tbf_per_cell	kpi	bssgprs	15	200	#000000	#FF0000	0.5	stroke-opacity:1;stroke:#000000;fill-opacity:1;fill:#FF0000	5
kpis.0095.02.packet_access_rejections_due_to_congestion_dl	kpi	bssgprs	0	2	#000000	#009933	0.5	stroke-opacity:1;stroke:#000000;fill-opacity:1;fill:#009933	1
kpis.0095.02.packet_access_rejections_due_to_congestion_dl	kpi	bssgprs	2	5	#000000	#33FF00	0.5	stroke-opacity:1;stroke:#000000;fill-opacity:1;fill:#33FF00	2
kpis.0095.02.packet_access_rejections_due_to_congestion_dl	kpi	bssgprs	5	15	#000000	#FFFF00	0.5	stroke-opacity:1;stroke:#000000;fill-opacity:1;fill:#FFFF00	3
kpis.0095.02.packet_access_rejections_due_to_congestion_dl	kpi	bssgprs	15	50	#000000	#FF9900	0.5	stroke-opacity:1;stroke:#000000;fill-opacity:1;fill:#FF9900	4
kpis.0095.02.packet_access_rejections_due_to_congestion_dl	kpi	bssgprs	50	100	#000000	#FF0000	0.5	stroke-opacity:1;stroke:#000000;fill-opacity:1;fill:#FF0000	5
kpis.0095.02.dl_retransmission_rate_in_cs1234	kpi	bssgprs	0	2	#000000	#009933	0.5	stroke-opacity:1;stroke:#000000;fill-opacity:1;fill:#009933	1
kpis.0095.02.dl_retransmission_rate_in_cs1234	kpi	bssgprs	2	3	#000000	#33FF00	0.5	stroke-opacity:1;stroke:#000000;fill-opacity:1;fill:#33FF00	2
kpis.0095.02.dl_retransmission_rate_in_cs1234	kpi	bssgprs	3	5	#000000	#FFFF00	0.5	stroke-opacity:1;stroke:#000000;fill-opacity:1;fill:#FFFF00	3
kpis.0095.02.dl_retransmission_rate_in_cs1234	kpi	bssgprs	5	10	#000000	#FF9900	0.5	stroke-opacity:1;stroke:#000000;fill-opacity:1;fill:#FF9900	4
kpis.0095.02.dl_retransmission_rate_in_cs1234	kpi	bssgprs	10	100	#000000	#FF0000	0.5	stroke-opacity:1;stroke:#000000;fill-opacity:1;fill:#FF0000	5
kpis.0095.02.dl_retransmission_rate_in_mcs	kpi	bssgprs	0	2	#000000	#009933	0.5	stroke-opacity:1;stroke:#000000;fill-opacity:1;fill:#009933	1
kpis.0095.02.dl_retransmission_rate_in_mcs	kpi	bssgprs	2	3	#000000	#33FF00	0.5	stroke-opacity:1;stroke:#000000;fill-opacity:1;fill:#33FF00	2
kpis.0095.02.dl_retransmission_rate_in_mcs	kpi	bssgprs	3	5	#000000	#FFFF00	0.5	stroke-opacity:1;stroke:#000000;fill-opacity:1;fill:#FFFF00	3
kpis.0095.02.dl_retransmission_rate_in_mcs	kpi	bssgprs	5	10	#000000	#FF9900	0.5	stroke-opacity:1;stroke:#000000;fill-opacity:1;fill:#FF9900	4
kpis.0095.02.dl_retransmission_rate_in_mcs	kpi	bssgprs	10	100	#000000	#FF0000	0.5	stroke-opacity:1;stroke:#000000;fill-opacity:1;fill:#FF0000	5
kpis.0095.02.tbf_drop_rate	kpi	bssgprs	0	0.7	#000000	#009933	0.5	stroke-opacity:1;stroke:#000000;fill-opacity:1;fill:#009933	1
kpis.0095.02.tbf_drop_rate	kpi	bssgprs	0.7	1	#000000	#33FF00	0.5	stroke-opacity:1;stroke:#000000;fill-opacity:1;fill:#33FF00	2
kpis.0095.02.tbf_drop_rate	kpi	bssgprs	1	2	#000000	#FFFF00	0.5	stroke-opacity:1;stroke:#000000;fill-opacity:1;fill:#FFFF00	3
kpis.0095.02.tbf_drop_rate	kpi	bssgprs	2	4	#000000	#FF9900	0.5	stroke-opacity:1;stroke:#000000;fill-opacity:1;fill:#FF9900	4
kpis.0095.02.tbf_drop_rate	kpi	bssgprs	4	100	#000000	#FF0000	0.5	stroke-opacity:1;stroke:#000000;fill-opacity:1;fill:#FF0000	5
kpis.0095.02.packet_access_rejections_due_to_congestion_dl	kpi	bssgprs	0	2	#000000	#009933	0.5	stroke-opacity:1;stroke:#000000;fill-opacity:1;fill:#009933	1
kpis.0095.02.packet_access_rejections_due_to_congestion_dl	kpi	bssgprs	2	3	#000000	#33FF00	0.5	stroke-opacity:1;stroke:#000000;fill-opacity:1;fill:#33FF00	2
kpis.0095.02.packet_access_rejections_due_to_congestion_dl	kpi	bssgprs	3	5	#000000	#FFFF00	0.5	stroke-opacity:1;stroke:#000000;fill-opacity:1;fill:#FFFF00	3
kpis.0095.02.packet_access_rejections_due_to_congestion_dl	kpi	bssgprs	5	10	#000000	#FF9900	0.5	stroke-opacity:1;stroke:#000000;fill-opacity:1;fill:#FF9900	4
kpis.0095.02.packet_access_rejections_due_to_congestion_dl	kpi	bssgprs	10	100	#000000	#FF0000	0.5	stroke-opacity:1;stroke:#000000;fill-opacity:1;fill:#FF0000	5
kpis.0095.02.packet_access_rejections_due_to_congestion_ul	kpi	bssgprs	0	2	#000000	#009933	0.5	stroke-opacity:1;stroke:#000000;fill-opacity:1;fill:#009933	1
kpis.0095.02.packet_access_rejections_due_to_congestion_ul	kpi	bssgprs	2	3	#000000	#33FF00	0.5	stroke-opacity:1;stroke:#000000;fill-opacity:1;fill:#33FF00	2
kpis.0095.02.packet_access_rejections_due_to_congestion_ul	kpi	bssgprs	3	5	#000000	#FFFF00	0.5	stroke-opacity:1;stroke:#000000;fill-opacity:1;fill:#FFFF00	3
kpis.0095.02.packet_access_rejections_due_to_congestion_ul	kpi	bssgprs	5	10	#000000	#FF9900	0.5	stroke-opacity:1;stroke:#000000;fill-opacity:1;fill:#FF9900	4
kpis.0095.02.packet_access_rejections_due_to_congestion_ul	kpi	bssgprs	10	100	#000000	#FF0000	0.5	stroke-opacity:1;stroke:#000000;fill-opacity:1;fill:#FF0000	5
kpis.0095.02.ul_retransmission_rate_in_cs1234	kpi	bssgprs	0	2	#000000	#009933	0.5	stroke-opacity:1;stroke:#000000;fill-opacity:1;fill:#009933	1
kpis.0095.02.ul_retransmission_rate_in_cs1234	kpi	bssgprs	2	3	#000000	#33FF00	0.5	stroke-opacity:1;stroke:#000000;fill-opacity:1;fill:#33FF00	2
kpis.0095.02.ul_retransmission_rate_in_cs1234	kpi	bssgprs	3	5	#000000	#FFFF00	0.5	stroke-opacity:1;stroke:#000000;fill-opacity:1;fill:#FFFF00	3
kpis.0095.02.ul_retransmission_rate_in_cs1234	kpi	bssgprs	5	10	#000000	#FF9900	0.5	stroke-opacity:1;stroke:#000000;fill-opacity:1;fill:#FF9900	4
kpis.0095.02.ul_retransmission_rate_in_cs1234	kpi	bssgprs	10	100	#000000	#FF0000	0.5	stroke-opacity:1;stroke:#000000;fill-opacity:1;fill:#FF0000	5
kpis.0095.02.ul_retransmission_rate_in_mcs	kpi	bssgprs	0	2	#000000	#009933	0.5	stroke-opacity:1;stroke:#000000;fill-opacity:1;fill:#009933	1
kpis.0095.02.ul_retransmission_rate_in_mcs	kpi	bssgprs	2	3	#000000	#33FF00	0.5	stroke-opacity:1;stroke:#000000;fill-opacity:1;fill:#33FF00	2
kpis.0095.02.ul_retransmission_rate_in_mcs	kpi	bssgprs	3	5	#000000	#FFFF00	0.5	stroke-opacity:1;stroke:#000000;fill-opacity:1;fill:#FFFF00	3
kpis.0095.02.ul_retransmission_rate_in_mcs	kpi	bssgprs	5	10	#000000	#FF9900	0.5	stroke-opacity:1;stroke:#000000;fill-opacity:1;fill:#FF9900	4
kpis.0095.02.ul_retransmission_rate_in_mcs	kpi	bssgprs	10	100	#000000	#FF0000	0.5	stroke-opacity:1;stroke:#000000;fill-opacity:1;fill:#FF0000	5
kpis.0095.02.tbf_drop_rate_down	kpi	bssgprs	0	0.7	#000000	#009933	0.5	stroke-opacity:1;stroke:#000000;fill-opacity:1;fill:#009933	1
kpis.0095.02.tbf_drop_rate_down	kpi	bssgprs	0.7	1	#000000	#33FF00	0.5	stroke-opacity:1;stroke:#000000;fill-opacity:1;fill:#33FF00	2
kpis.0095.02.tbf_drop_rate_down	kpi	bssgprs	1	2	#000000	#FFFF00	0.5	stroke-opacity:1;stroke:#000000;fill-opacity:1;fill:#FFFF00	3
kpis.0095.02.tbf_drop_rate_down	kpi	bssgprs	2	4	#000000	#FF9900	0.5	stroke-opacity:1;stroke:#000000;fill-opacity:1;fill:#FF9900	4
kpis.0095.02.tbf_drop_rate_down	kpi	bssgprs	4	100	#000000	#FF0000	0.5	stroke-opacity:1;stroke:#000000;fill-opacity:1;fill:#FF0000	5
kpis.0095.02.tbf_drop_rate_up	kpi	bssgprs	0	0.7	#000000	#009933	0.5	stroke-opacity:1;stroke:#000000;fill-opacity:1;fill:#009933	1
kpis.0095.02.tbf_drop_rate_up	kpi	bssgprs	0.7	1	#000000	#33FF00	0.5	stroke-opacity:1;stroke:#000000;fill-opacity:1;fill:#33FF00	2
kpis.0095.02.tbf_drop_rate_up	kpi	bssgprs	1	2	#000000	#FFFF00	0.5	stroke-opacity:1;stroke:#000000;fill-opacity:1;fill:#FFFF00	3
kpis.0095.02.tbf_drop_rate_up	kpi	bssgprs	2	4	#000000	#FF9900	0.5	stroke-opacity:1;stroke:#000000;fill-opacity:1;fill:#FF9900	4
kpis.0095.02.tbf_drop_rate_up	kpi	bssgprs	4	100	#000000	#FF0000	0.5	stroke-opacity:1;stroke:#000000;fill-opacity:1;fill:#FF0000	5
kpis.0095.02.pdch_availability_gprs_edge	kpi	bssgprs	0	90	#000000	#FF0000	0.5	stroke-opacity:1;stroke:#000000;fill-opacity:1;fill:#FF0000	1
kpis.0095.02.pdch_availability_gprs_edge	kpi	bssgprs	90	97	#000000	#FF9900	0.5	stroke-opacity:1;stroke:#000000;fill-opacity:1;fill:#FF9900	2
kpis.0095.02.pdch_availability_gprs_edge	kpi	bssgprs	97	98	#000000	#FFFF00	0.5	stroke-opacity:1;stroke:#000000;fill-opacity:1;fill:#FFFF00	3
kpis.0095.02.pdch_availability_gprs_edge	kpi	bssgprs	98	99	#000000	#33FF00	0.5	stroke-opacity:1;stroke:#000000;fill-opacity:1;fill:#33FF00	4
kpis.0095.02.pdch_availability_gprs_edge	kpi	bssgprs	99	100	#000000	#009933	0.5	stroke-opacity:1;stroke:#000000;fill-opacity:1;fill:#009933	5
kpis.0095.02.tbf_establishment_success_rate_dl	kpi	bssgprs	0	90	#000000	#FF0000	0.5	stroke-opacity:1;stroke:#000000;fill-opacity:1;fill:#FF0000	1
kpis.0095.02.tbf_establishment_success_rate_dl	kpi	bssgprs	90	97	#000000	#FF9900	0.5	stroke-opacity:1;stroke:#000000;fill-opacity:1;fill:#FF9900	2
kpis.0095.02.tbf_establishment_success_rate_dl	kpi	bssgprs	97	98	#000000	#FFFF00	0.5	stroke-opacity:1;stroke:#000000;fill-opacity:1;fill:#FFFF00	3
kpis.0095.02.tbf_establishment_success_rate_dl	kpi	bssgprs	98	99	#000000	#33FF00	0.5	stroke-opacity:1;stroke:#000000;fill-opacity:1;fill:#33FF00	4
kpis.0095.02.tbf_establishment_success_rate_dl	kpi	bssgprs	99	100	#000000	#009933	0.5	stroke-opacity:1;stroke:#000000;fill-opacity:1;fill:#009933	5
